sample_id,sample_date,lat,lon,chip_path,chip_image_path,chip_status,chip_reason,s2_item_id,acquisition_date,abs_day_diff,s2_cloud_cover,s2_solar_zenith,chip_nodata_ratio,chip_size,chip_overlap_stride_pixels,chip_offset_x_px,chip_offset_y_px,chip_overlap_candidates,chip_bands
FI_00000000,2023-01-10,61.41234231212037,29.399668855924936,,,no_match,no_stac_item,,,,,,,256,128,0,0,0,"B02,B03,B04,B08"
FI_00000001,2023-01-10,61.41234231212037,29.399668855924936,,,no_match,no_stac_item,,,,,,,256,128,0,0,0,"B02,B03,B04,B08"
FI_00000002,2023-01-10,61.41234231212037,29.399668855924936,,,no_match,no_stac_item,,,,,,,256,128,0,0,0,"B02,B03,B04,B08"
FI_00000003,2023-01-10,61.41234231212037,29.399668855924936,,,no_match,no_stac_item,,,,,,,256,128,0,0,0,"B02,B03,B04,B08"
FI_00000004,2023-01-10,61.41234231212037,29.399668855924936,,,no_match,no_stac_item,,,,,,,256,128,0,0,0,"B02,B03,B04,B08"
FI_00000005,2023-01-10,61.41234231212037,29.399668855924936,,,no_match,no_stac_item,,,,,,,256,128,0,0,0,"B02,B03,B04,B08"
FI_00000006,2023-02-07,61.41234231212037,29.399668855924936,,,no_match,no_stac_item,,,,,,,256,128,0,0,0,"B02,B03,B04,B08"
FI_00000007,2023-02-07,61.41234231212037,29.399668855924936,,,no_match,no_stac_item,,,,,,,256,128,0,0,0,"B02,B03,B04,B08"
FI_00000008,2023-02-07,61.41234231212037,29.399668855924936,,,no_match,no_stac_item,,,,,,,256,128,0,0,0,"B02,B03,B04,B08"
FI_00000009,2023-02-07,61.41234231212037,29.399668855924936,,,no_match,no_stac_item,,,,,,,256,128,0,0,0,"B02,B03,B04,B08"
FI_00000010,2023-02-07,61.41234231212037,29.399668855924936,,,no_match,no_stac_item,,,,,,,256,128,0,0,0,"B02,B03,B04,B08"
FI_00000011,2023-02-07,61.41234231212037,29.399668855924936,,,no_match,no_stac_item,,,,,,,256,128,0,0,0,"B02,B03,B04,B08"
FI_00000012,2023-03-01,61.41234231212037,29.399668855924936,,,rejected,nodata_reject,S2A_MSIL2A_20230302T093031_R136_T36VUP_20240818T001539,2023-03-02,1,1.468945,69.343858466529,1.0,256,128,0,0,9,"B02,B03,B04,B08"
FI_00000013,2023-03-01,61.41234231212037,29.399668855924936,,,rejected,nodata_reject,S2A_MSIL2A_20230302T093031_R136_T36VUP_20240818T001539,2023-03-02,1,1.468945,69.343858466529,1.0,256,128,0,0,9,"B02,B03,B04,B08"
FI_00000014,2023-03-01,61.41234231212037,29.399668855924936,,,rejected,nodata_reject,S2A_MSIL2A_20230302T093031_R136_T36VUP_20240818T001539,2023-03-02,1,1.468945,69.343858466529,1.0,256,128,0,0,9,"B02,B03,B04,B08"
FI_00000015,2023-03-01,61.41234231212037,29.399668855924936,,,rejected,nodata_reject,S2A_MSIL2A_20230302T093031_R136_T36VUP_20240818T001539,2023-03-02,1,1.468945,69.343858466529,1.0,256,128,0,0,9,"B02,B03,B04,B08"
FI_00000016,2023-03-01,61.41234231212037,29.399668855924936,,,rejected,nodata_reject,S2A_MSIL2A_20230302T093031_R136_T36VUP_20240818T001539,2023-03-02,1,1.468945,69.343858466529,1.0,256,128,0,0,9,"B02,B03,B04,B08"
FI_00000017,2023-03-01,61.41234231212037,29.399668855924936,,,rejected,nodata_reject,S2A_MSIL2A_20230302T093031_R136_T36VUP_20240818T001539,2023-03-02,1,1.468945,69.343858466529,1.0,256,128,0,0,9,"B02,B03,B04,B08"
FI_00000018,2023-04-04,61.41234231212037,29.399668855924936,,,no_match,no_stac_item,,,,,,,256,128,0,0,0,"B02,B03,B04,B08"
FI_00000019,2023-04-04,61.41234231212037,29.399668855924936,,,no_match,no_stac_item,,,,,,,256,128,0,0,0,"B02,B03,B04,B08"
FI_00000020,2023-04-04,61.41234231212037,29.399668855924936,,,no_match,no_stac_item,,,,,,,256,128,0,0,0,"B02,B03,B04,B08"
FI_00000021,2023-04-04,61.41234231212037,29.399668855924936,,,no_match,no_stac_item,,,,,,,256,128,0,0,0,"B02,B03,B04,B08"
FI_00000022,2023-04-04,61.41234231212037,29.399668855924936,,,no_match,no_stac_item,,,,,,,256,128,0,0,0,"B02,B03,B04,B08"
FI_00000023,2023-04-04,61.41234231212037,29.399668855924936,,,no_match,no_stac_item,,,,,,,256,128,0,0,0,"B02,B03,B04,B08"
FI_00000024,2023-05-16,61.41234231212037,29.399668855924936,,,no_match,no_stac_item,,,,,,,256,128,0,0,0,"B02,B03,B04,B08"
FI_00000025,2023-05-16,61.41234231212037,29.399668855924936,,,no_match,no_stac_item,,,,,,,256,128,0,0,0,"B02,B03,B04,B08"
FI_00000026,2023-05-16,61.41234231212037,29.399668855924936,,,no_match,no_stac_item,,,,,,,256,128,0,0,0,"B02,B03,B04,B08"
FI_00000027,2023-05-16,61.41234231212037,29.399668855924936,,,no_match,no_stac_item,,,,,,,256,128,0,0,0,"B02,B03,B04,B08"
FI_00000028,2023-05-16,61.41234231212037,29.399668855924936,,,no_match,no_stac_item,,,,,,,256,128,0,0,0,"B02,B03,B04,B08"
FI_00000029,2023-05-16,61.41234231212037,29.399668855924936,,,no_match,no_stac_item,,,,,,,256,128,0,0,0,"B02,B03,B04,B08"
FI_00000030,2023-06-07,61.41234231212037,29.399668855924936,,,no_match,no_stac_item,,,,,,,256,128,0,0,0,"B02,B03,B04,B08"
FI_00000031,2023-06-07,61.41234231212037,29.399668855924936,,,no_match,no_stac_item,,,,,,,256,128,0,0,0,"B02,B03,B04,B08"
FI_00000032,2023-06-07,61.41234231212037,29.399668855924936,,,no_match,no_stac_item,,,,,,,256,128,0,0,0,"B02,B03,B04,B08"
FI_00000033,2023-06-07,61.41234231212037,29.399668855924936,,,no_match,no_stac_item,,,,,,,256,128,0,0,0,"B02,B03,B04,B08"
FI_00000034,2023-06-07,61.41234231212037,29.399668855924936,,,no_match,no_stac_item,,,,,,,256,128,0,0,0,"B02,B03,B04,B08"
FI_00000035,2023-06-07,61.41234231212037,29.399668855924936,,,no_match,no_stac_item,,,,,,,256,128,0,0,0,"B02,B03,B04,B08"
FI_00000036,2023-07-04,61.41234231212037,29.399668855924936,,,no_match,no_stac_item,,,,,,,256,128,0,0,0,"B02,B03,B04,B08"
FI_00000037,2023-07-04,61.41234231212037,29.399668855924936,,,no_match,no_stac_item,,,,,,,256,128,0,0,0,"B02,B03,B04,B08"
FI_00000038,2023-07-04,61.41234231212037,29.399668855924936,,,no_match,no_stac_item,,,,,,,256,128,0,0,0,"B02,B03,B04,B08"
FI_00000039,2023-07-04,61.41234231212037,29.399668855924936,,,no_match,no_stac_item,,,,,,,256,128,0,0,0,"B02,B03,B04,B08"
FI_00000040,2023-07-04,61.41234231212037,29.399668855924936,,,no_match,no_stac_item,,,,,,,256,128,0,0,0,"B02,B03,B04,B08"
FI_00000041,2023-07-04,61.41234231212037,29.399668855924936,,,no_match,no_stac_item,,,,,,,256,128,0,0,0,"B02,B03,B04,B08"
FI_00000042,2023-08-01,61.41234231212037,29.399668855924936,,,no_match,no_stac_item,,,,,,,256,128,0,0,0,"B02,B03,B04,B08"
FI_00000043,2023-08-01,61.41234231212037,29.399668855924936,,,no_match,no_stac_item,,,,,,,256,128,0,0,0,"B02,B03,B04,B08"
FI_00000044,2023-08-01,61.41234231212037,29.399668855924936,,,no_match,no_stac_item,,,,,,,256,128,0,0,0,"B02,B03,B04,B08"
FI_00000045,2023-08-01,61.41234231212037,29.399668855924936,,,no_match,no_stac_item,,,,,,,256,128,0,0,0,"B02,B03,B04,B08"
FI_00000046,2023-08-01,61.41234231212037,29.399668855924936,,,no_match,no_stac_item,,,,,,,256,128,0,0,0,"B02,B03,B04,B08"
FI_00000047,2023-08-01,61.41234231212037,29.399668855924936,,,no_match,no_stac_item,,,,,,,256,128,0,0,0,"B02,B03,B04,B08"
FI_00000048,2023-09-05,61.41234231212037,29.399668855924936,,,no_match,no_stac_item,,,,,,,256,128,0,0,0,"B02,B03,B04,B08"
FI_00000049,2023-09-05,61.41234231212037,29.399668855924936,,,no_match,no_stac_item,,,,,,,256,128,0,0,0,"B02,B03,B04,B08"
FI_00000050,2023-09-05,61.41234231212037,29.399668855924936,,,no_match,no_stac_item,,,,,,,256,128,0,0,0,"B02,B03,B04,B08"
FI_00000051,2023-09-05,61.41234231212037,29.399668855924936,,,no_match,no_stac_item,,,,,,,256,128,0,0,0,"B02,B03,B04,B08"
FI_00000052,2023-09-05,61.41234231212037,29.399668855924936,,,no_match,no_stac_item,,,,,,,256,128,0,0,0,"B02,B03,B04,B08"
FI_00000053,2023-09-05,61.41234231212037,29.399668855924936,,,no_match,no_stac_item,,,,,,,256,128,0,0,0,"B02,B03,B04,B08"
FI_00000054,2023-10-03,61.41234231212037,29.399668855924936,,,no_match,no_stac_item,,,,,,,256,128,0,0,0,"B02,B03,B04,B08"
FI_00000055,2023-10-03,61.41234231212037,29.399668855924936,,,no_match,no_stac_item,,,,,,,256,128,0,0,0,"B02,B03,B04,B08"
FI_00000056,2023-10-03,61.41234231212037,29.399668855924936,,,no_match,no_stac_item,,,,,,,256,128,0,0,0,"B02,B03,B04,B08"
FI_00000057,2023-10-03,61.41234231212037,29.399668855924936,,,no_match,no_stac_item,,,,,,,256,128,0,0,0,"B02,B03,B04,B08"
FI_00000058,2023-10-03,61.41234231212037,29.399668855924936,,,no_match,no_stac_item,,,,,,,256,128,0,0,0,"B02,B03,B04,B08"
FI_00000059,2023-10-03,61.41234231212037,29.399668855924936,,,no_match,no_stac_item,,,,,,,256,128,0,0,0,"B02,B03,B04,B08"
FI_00000060,2023-11-01,61.41234231212037,29.399668855924936,,,no_match,no_stac_item,,,,,,,256,128,0,0,0,"B02,B03,B04,B08"
FI_00000061,2023-11-01,61.41234231212037,29.399668855924936,,,no_match,no_stac_item,,,,,,,256,128,0,0,0,"B02,B03,B04,B08"
FI_00000062,2023-11-01,61.41234231212037,29.399668855924936,,,no_match,no_stac_item,,,,,,,256,128,0,0,0,"B02,B03,B04,B08"
FI_00000063,2023-11-01,61.41234231212037,29.399668855924936,,,no_match,no_stac_item,,,,,,,256,128,0,0,0,"B02,B03,B04,B08"
FI_00000064,2023-11-01,61.41234231212037,29.399668855924936,,,no_match,no_stac_item,,,,,,,256,128,0,0,0,"B02,B03,B04,B08"
FI_00000065,2023-11-01,61.41234231212037,29.399668855924936,,,no_match,no_stac_item,,,,,,,256,128,0,0,0,"B02,B03,B04,B08"
FI_00000066,2023-12-12,61.41234231212037,29.399668855924936,,,no_match,no_stac_item,,,,,,,256,128,0,0,0,"B02,B03,B04,B08"
FI_00000067,2023-12-12,61.41234231212037,29.399668855924936,,,no_match,no_stac_item,,,,,,,256,128,0,0,0,"B02,B03,B04,B08"
FI_00000068,2023-12-12,61.41234231212037,29.399668855924936,,,no_match,no_stac_item,,,,,,,256,128,0,0,0,"B02,B03,B04,B08"
FI_00000069,2023-12-12,61.41234231212037,29.399668855924936,,,no_match,no_stac_item,,,,,,,256,128,0,0,0,"B02,B03,B04,B08"
FI_00000070,2023-12-12,61.41234231212037,29.399668855924936,,,no_match,no_stac_item,,,,,,,256,128,0,0,0,"B02,B03,B04,B08"
FI_00000071,2023-12-12,61.41234231212037,29.399668855924936,,,no_match,no_stac_item,,,,,,,256,128,0,0,0,"B02,B03,B04,B08"
FI_00000072,2024-01-10,61.41234231212037,29.399668855924936,D:\Water Quality Parameter Estimation\wq_pipeline\artifacts\tolerance_1d\prepared\chips\train\sample_FI_00000072.npz,D:\Water Quality Parameter Estimation\wq_pipeline\artifacts\tolerance_1d\prepared\chips\train\sample_FI_00000072.png,ok,,S2B_MSIL2A_20240111T093249_R136_T35VPJ_20240115T133838,2024-01-11,1,32.607046,83.8525156176967,0.0,256,128,0,0,9,"B02,B03,B04,B08"
FI_00000073,2024-01-10,61.41234231212037,29.399668855924936,D:\Water Quality Parameter Estimation\wq_pipeline\artifacts\tolerance_1d\prepared\chips\train\sample_FI_00000073.npz,D:\Water Quality Parameter Estimation\wq_pipeline\artifacts\tolerance_1d\prepared\chips\train\sample_FI_00000073.png,ok,,S2B_MSIL2A_20240111T093249_R136_T35VPJ_20240115T133838,2024-01-11,1,32.607046,83.8525156176967,0.0,256,128,0,0,9,"B02,B03,B04,B08"
FI_00000074,2024-01-10,61.41234231212037,29.399668855924936,D:\Water Quality Parameter Estimation\wq_pipeline\artifacts\tolerance_1d\prepared\chips\train\sample_FI_00000074.npz,D:\Water Quality Parameter Estimation\wq_pipeline\artifacts\tolerance_1d\prepared\chips\train\sample_FI_00000074.png,ok,,S2B_MSIL2A_20240111T093249_R136_T35VPJ_20240115T133838,2024-01-11,1,32.607046,83.8525156176967,0.0,256,128,0,0,9,"B02,B03,B04,B08"
FI_00000075,2024-01-10,61.41234231212037,29.399668855924936,D:\Water Quality Parameter Estimation\wq_pipeline\artifacts\tolerance_1d\prepared\chips\train\sample_FI_00000075.npz,D:\Water Quality Parameter Estimation\wq_pipeline\artifacts\tolerance_1d\prepared\chips\train\sample_FI_00000075.png,ok,,S2B_MSIL2A_20240111T093249_R136_T35VPJ_20240115T133838,2024-01-11,1,32.607046,83.8525156176967,0.0,256,128,0,0,9,"B02,B03,B04,B08"
FI_00000076,2024-01-10,61.41234231212037,29.399668855924936,D:\Water Quality Parameter Estimation\wq_pipeline\artifacts\tolerance_1d\prepared\chips\train\sample_FI_00000076.npz,D:\Water Quality Parameter Estimation\wq_pipeline\artifacts\tolerance_1d\prepared\chips\train\sample_FI_00000076.png,ok,,S2B_MSIL2A_20240111T093249_R136_T35VPJ_20240115T133838,2024-01-11,1,32.607046,83.8525156176967,0.0,256,128,0,0,9,"B02,B03,B04,B08"
FI_00000077,2024-01-10,61.41234231212037,29.399668855924936,D:\Water Quality Parameter Estimation\wq_pipeline\artifacts\tolerance_1d\prepared\chips\train\sample_FI_00000077.npz,D:\Water Quality Parameter Estimation\wq_pipeline\artifacts\tolerance_1d\prepared\chips\train\sample_FI_00000077.png,ok,,S2B_MSIL2A_20240111T093249_R136_T35VPJ_20240115T133838,2024-01-11,1,32.607046,83.8525156176967,0.0,256,128,0,0,9,"B02,B03,B04,B08"
FI_00000078,2024-02-06,61.41234231212037,29.399668855924936,,,no_match,no_stac_item,,,,,,,256,128,0,0,0,"B02,B03,B04,B08"
FI_00000079,2024-02-06,61.41234231212037,29.399668855924936,,,no_match,no_stac_item,,,,,,,256,128,0,0,0,"B02,B03,B04,B08"
FI_00000080,2024-02-06,61.41234231212037,29.399668855924936,,,no_match,no_stac_item,,,,,,,256,128,0,0,0,"B02,B03,B04,B08"
FI_00000081,2024-02-06,61.41234231212037,29.399668855924936,,,no_match,no_stac_item,,,,,,,256,128,0,0,0,"B02,B03,B04,B08"
FI_00000082,2024-02-06,61.41234231212037,29.399668855924936,,,no_match,no_stac_item,,,,,,,256,128,0,0,0,"B02,B03,B04,B08"
FI_00000083,2024-02-06,61.41234231212037,29.399668855924936,,,no_match,no_stac_item,,,,,,,256,128,0,0,0,"B02,B03,B04,B08"
FI_00000084,2024-03-05,61.41234231212037,29.399668855924936,,,no_match,no_stac_item,,,,,,,256,128,0,0,0,"B02,B03,B04,B08"
FI_00000085,2024-03-05,61.41234231212037,29.399668855924936,,,no_match,no_stac_item,,,,,,,256,128,0,0,0,"B02,B03,B04,B08"
FI_00000086,2024-03-05,61.41234231212037,29.399668855924936,,,no_match,no_stac_item,,,,,,,256,128,0,0,0,"B02,B03,B04,B08"
FI_00000087,2024-03-05,61.41234231212037,29.399668855924936,,,no_match,no_stac_item,,,,,,,256,128,0,0,0,"B02,B03,B04,B08"
FI_00000088,2024-03-05,61.41234231212037,29.399668855924936,,,no_match,no_stac_item,,,,,,,256,128,0,0,0,"B02,B03,B04,B08"
FI_00000089,2024-03-05,61.41234231212037,29.399668855924936,,,no_match,no_stac_item,,,,,,,256,128,0,0,0,"B02,B03,B04,B08"
FI_00000090,2024-04-02,61.41234231212037,29.399668855924936,,,no_match,no_stac_item,,,,,,,256,128,0,0,0,"B02,B03,B04,B08"
FI_00000091,2024-04-02,61.41234231212037,29.399668855924936,,,no_match,no_stac_item,,,,,,,256,128,0,0,0,"B02,B03,B04,B08"
FI_00000092,2024-04-02,61.41234231212037,29.399668855924936,,,no_match,no_stac_item,,,,,,,256,128,0,0,0,"B02,B03,B04,B08"
FI_00000093,2024-04-02,61.41234231212037,29.399668855924936,,,no_match,no_stac_item,,,,,,,256,128,0,0,0,"B02,B03,B04,B08"
FI_00000094,2024-04-02,61.41234231212037,29.399668855924936,,,no_match,no_stac_item,,,,,,,256,128,0,0,0,"B02,B03,B04,B08"
FI_00000095,2024-04-02,61.41234231212037,29.399668855924936,,,no_match,no_stac_item,,,,,,,256,128,0,0,0,"B02,B03,B04,B08"
FI_00000096,2024-05-07,61.41234231212037,29.399668855924936,,,no_match,no_stac_item,,,,,,,256,128,0,0,0,"B02,B03,B04,B08"
FI_00000097,2024-05-07,61.41234231212037,29.399668855924936,,,no_match,no_stac_item,,,,,,,256,128,0,0,0,"B02,B03,B04,B08"
FI_00000098,2024-05-07,61.41234231212037,29.399668855924936,,,no_match,no_stac_item,,,,,,,256,128,0,0,0,"B02,B03,B04,B08"
FI_00000099,2024-05-07,61.41234231212037,29.399668855924936,,,no_match,no_stac_item,,,,,,,256,128,0,0,0,"B02,B03,B04,B08"
FI_00000100,2024-05-07,61.41234231212037,29.399668855924936,,,no_match,no_stac_item,,,,,,,256,128,0,0,0,"B02,B03,B04,B08"
FI_00000101,2024-05-07,61.41234231212037,29.399668855924936,,,no_match,no_stac_item,,,,,,,256,128,0,0,0,"B02,B03,B04,B08"
FI_00000102,2024-06-04,61.41234231212037,29.399668855924936,,,no_match,no_stac_item,,,,,,,256,128,0,0,0,"B02,B03,B04,B08"
FI_00000103,2024-06-04,61.41234231212037,29.399668855924936,,,no_match,no_stac_item,,,,,,,256,128,0,0,0,"B02,B03,B04,B08"
FI_00000104,2024-06-04,61.41234231212037,29.399668855924936,,,no_match,no_stac_item,,,,,,,256,128,0,0,0,"B02,B03,B04,B08"
FI_00000105,2024-06-04,61.41234231212037,29.399668855924936,,,no_match,no_stac_item,,,,,,,256,128,0,0,0,"B02,B03,B04,B08"
FI_00000106,2024-06-04,61.41234231212037,29.399668855924936,,,no_match,no_stac_item,,,,,,,256,128,0,0,0,"B02,B03,B04,B08"
FI_00000107,2024-06-04,61.41234231212037,29.399668855924936,,,no_match,no_stac_item,,,,,,,256,128,0,0,0,"B02,B03,B04,B08"
FI_00000108,2024-07-02,61.41234231212037,29.399668855924936,,,no_match,no_stac_item,,,,,,,256,128,0,0,0,"B02,B03,B04,B08"
FI_00000109,2024-07-02,61.41234231212037,29.399668855924936,,,no_match,no_stac_item,,,,,,,256,128,0,0,0,"B02,B03,B04,B08"
FI_00000110,2024-07-02,61.41234231212037,29.399668855924936,,,no_match,no_stac_item,,,,,,,256,128,0,0,0,"B02,B03,B04,B08"
FI_00000111,2024-07-02,61.41234231212037,29.399668855924936,,,no_match,no_stac_item,,,,,,,256,128,0,0,0,"B02,B03,B04,B08"
FI_00000112,2024-07-02,61.41234231212037,29.399668855924936,,,no_match,no_stac_item,,,,,,,256,128,0,0,0,"B02,B03,B04,B08"
FI_00000113,2024-07-02,61.41234231212037,29.399668855924936,,,no_match,no_stac_item,,,,,,,256,128,0,0,0,"B02,B03,B04,B08"
FI_00000114,2024-08-06,61.41234231212037,29.399668855924936,,,no_match,no_stac_item,,,,,,,256,128,0,0,0,"B02,B03,B04,B08"
FI_00000115,2024-08-06,61.41234231212037,29.399668855924936,,,no_match,no_stac_item,,,,,,,256,128,0,0,0,"B02,B03,B04,B08"
FI_00000116,2024-08-06,61.41234231212037,29.399668855924936,,,no_match,no_stac_item,,,,,,,256,128,0,0,0,"B02,B03,B04,B08"
FI_00000117,2024-08-06,61.41234231212037,29.399668855924936,,,no_match,no_stac_item,,,,,,,256,128,0,0,0,"B02,B03,B04,B08"
FI_00000118,2024-08-06,61.41234231212037,29.399668855924936,,,no_match,no_stac_item,,,,,,,256,128,0,0,0,"B02,B03,B04,B08"
FI_00000119,2024-08-06,61.41234231212037,29.399668855924936,,,no_match,no_stac_item,,,,,,,256,128,0,0,0,"B02,B03,B04,B08"
FI_00000120,2024-09-03,61.41234231212037,29.399668855924936,,,no_match,no_stac_item,,,,,,,256,128,0,0,0,"B02,B03,B04,B08"
FI_00000121,2024-09-03,61.41234231212037,29.399668855924936,,,no_match,no_stac_item,,,,,,,256,128,0,0,0,"B02,B03,B04,B08"
FI_00000122,2024-09-03,61.41234231212037,29.399668855924936,,,no_match,no_stac_item,,,,,,,256,128,0,0,0,"B02,B03,B04,B08"
FI_00000123,2024-09-03,61.41234231212037,29.399668855924936,,,no_match,no_stac_item,,,,,,,256,128,0,0,0,"B02,B03,B04,B08"
FI_00000124,2024-09-03,61.41234231212037,29.399668855924936,,,no_match,no_stac_item,,,,,,,256,128,0,0,0,"B02,B03,B04,B08"
FI_00000125,2024-09-03,61.41234231212037,29.399668855924936,,,no_match,no_stac_item,,,,,,,256,128,0,0,0,"B02,B03,B04,B08"
FI_00000126,2024-10-01,61.41234231212037,29.399668855924936,D:\Water Quality Parameter Estimation\wq_pipeline\artifacts\tolerance_1d\prepared\chips\train\sample_FI_00000126.npz,D:\Water Quality Parameter Estimation\wq_pipeline\artifacts\tolerance_1d\prepared\chips\train\sample_FI_00000126.png,ok,,S2B_MSIL2A_20240930T094029_R036_T35VPJ_20240930T125406,2024-09-30,1,0.316639,64.7888599183732,3.814697265625e-06,256,128,0,0,9,"B02,B03,B04,B08"
FI_00000127,2024-10-01,61.41234231212037,29.399668855924936,D:\Water Quality Parameter Estimation\wq_pipeline\artifacts\tolerance_1d\prepared\chips\train\sample_FI_00000127.npz,D:\Water Quality Parameter Estimation\wq_pipeline\artifacts\tolerance_1d\prepared\chips\train\sample_FI_00000127.png,ok,,S2B_MSIL2A_20240930T094029_R036_T35VPJ_20240930T125406,2024-09-30,1,0.316639,64.7888599183732,3.814697265625e-06,256,128,0,0,9,"B02,B03,B04,B08"
FI_00000128,2024-10-01,61.41234231212037,29.399668855924936,D:\Water Quality Parameter Estimation\wq_pipeline\artifacts\tolerance_1d\prepared\chips\train\sample_FI_00000128.npz,D:\Water Quality Parameter Estimation\wq_pipeline\artifacts\tolerance_1d\prepared\chips\train\sample_FI_00000128.png,ok,,S2B_MSIL2A_20240930T094029_R036_T35VPJ_20240930T125406,2024-09-30,1,0.316639,64.7888599183732,3.814697265625e-06,256,128,0,0,9,"B02,B03,B04,B08"
FI_00000129,2024-10-01,61.41234231212037,29.399668855924936,D:\Water Quality Parameter Estimation\wq_pipeline\artifacts\tolerance_1d\prepared\chips\train\sample_FI_00000129.npz,D:\Water Quality Parameter Estimation\wq_pipeline\artifacts\tolerance_1d\prepared\chips\train\sample_FI_00000129.png,ok,,S2B_MSIL2A_20240930T094029_R036_T35VPJ_20240930T125406,2024-09-30,1,0.316639,64.7888599183732,3.814697265625e-06,256,128,0,0,9,"B02,B03,B04,B08"
FI_00000130,2024-10-01,61.41234231212037,29.399668855924936,D:\Water Quality Parameter Estimation\wq_pipeline\artifacts\tolerance_1d\prepared\chips\train\sample_FI_00000130.npz,D:\Water Quality Parameter Estimation\wq_pipeline\artifacts\tolerance_1d\prepared\chips\train\sample_FI_00000130.png,ok,,S2B_MSIL2A_20240930T094029_R036_T35VPJ_20240930T125406,2024-09-30,1,0.316639,64.7888599183732,3.814697265625e-06,256,128,0,0,9,"B02,B03,B04,B08"
FI_00000131,2024-10-01,61.41234231212037,29.399668855924936,D:\Water Quality Parameter Estimation\wq_pipeline\artifacts\tolerance_1d\prepared\chips\train\sample_FI_00000131.npz,D:\Water Quality Parameter Estimation\wq_pipeline\artifacts\tolerance_1d\prepared\chips\train\sample_FI_00000131.png,ok,,S2B_MSIL2A_20240930T094029_R036_T35VPJ_20240930T125406,2024-09-30,1,0.316639,64.7888599183732,3.814697265625e-06,256,128,0,0,9,"B02,B03,B04,B08"
FI_00000132,2024-11-06,61.41234231212037,29.399668855924936,,,no_match,no_stac_item,,,,,,,256,128,0,0,0,"B02,B03,B04,B08"
FI_00000133,2024-11-06,61.41234231212037,29.399668855924936,,,no_match,no_stac_item,,,,,,,256,128,0,0,0,"B02,B03,B04,B08"
FI_00000134,2024-11-06,61.41234231212037,29.399668855924936,,,no_match,no_stac_item,,,,,,,256,128,0,0,0,"B02,B03,B04,B08"
FI_00000135,2024-11-06,61.41234231212037,29.399668855924936,,,no_match,no_stac_item,,,,,,,256,128,0,0,0,"B02,B03,B04,B08"
FI_00000136,2024-11-06,61.41234231212037,29.399668855924936,,,no_match,no_stac_item,,,,,,,256,128,0,0,0,"B02,B03,B04,B08"
FI_00000137,2024-11-06,61.41234231212037,29.399668855924936,,,no_match,no_stac_item,,,,,,,256,128,0,0,0,"B02,B03,B04,B08"
FI_00000504,2023-02-07,60.65688838242908,27.90019461609265,,,no_match,no_stac_item,,,,,,,256,128,0,0,0,"B02,B03,B04,B08"
FI_00000505,2023-02-07,60.65688838242908,27.90019461609265,,,no_match,no_stac_item,,,,,,,256,128,0,0,0,"B02,B03,B04,B08"
FI_00000506,2023-02-07,60.65688838242908,27.90019461609265,,,no_match,no_stac_item,,,,,,,256,128,0,0,0,"B02,B03,B04,B08"
FI_00000507,2023-02-07,60.65688838242908,27.90019461609265,,,no_match,no_stac_item,,,,,,,256,128,0,0,0,"B02,B03,B04,B08"
FI_00000508,2023-02-07,60.65688838242908,27.90019461609265,,,no_match,no_stac_item,,,,,,,256,128,0,0,0,"B02,B03,B04,B08"
FI_00000509,2023-02-07,60.65688838242908,27.90019461609265,,,no_match,no_stac_item,,,,,,,256,128,0,0,0,"B02,B03,B04,B08"
FI_00000522,2023-05-16,60.65688838242908,27.90019461609265,,,no_match,no_stac_item,,,,,,,256,128,0,0,0,"B02,B03,B04,B08"
FI_00000523,2023-05-16,60.65688838242908,27.90019461609265,,,no_match,no_stac_item,,,,,,,256,128,0,0,0,"B02,B03,B04,B08"
FI_00000524,2023-05-16,60.65688838242908,27.90019461609265,,,no_match,no_stac_item,,,,,,,256,128,0,0,0,"B02,B03,B04,B08"
FI_00000525,2023-05-16,60.65688838242908,27.90019461609265,,,no_match,no_stac_item,,,,,,,256,128,0,0,0,"B02,B03,B04,B08"
FI_00000526,2023-05-16,60.65688838242908,27.90019461609265,,,no_match,no_stac_item,,,,,,,256,128,0,0,0,"B02,B03,B04,B08"
FI_00000527,2023-05-16,60.65688838242908,27.90019461609265,,,no_match,no_stac_item,,,,,,,256,128,0,0,0,"B02,B03,B04,B08"
FI_00000528,2023-06-07,60.65688838242908,27.90019461609265,,,no_match,no_stac_item,,,,,,,256,128,0,0,0,"B02,B03,B04,B08"
FI_00000529,2023-06-07,60.65688838242908,27.90019461609265,,,no_match,no_stac_item,,,,,,,256,128,0,0,0,"B02,B03,B04,B08"
FI_00000530,2023-06-07,60.65688838242908,27.90019461609265,,,no_match,no_stac_item,,,,,,,256,128,0,0,0,"B02,B03,B04,B08"
FI_00000531,2023-06-07,60.65688838242908,27.90019461609265,,,no_match,no_stac_item,,,,,,,256,128,0,0,0,"B02,B03,B04,B08"
FI_00000532,2023-06-07,60.65688838242908,27.90019461609265,,,no_match,no_stac_item,,,,,,,256,128,0,0,0,"B02,B03,B04,B08"
FI_00000533,2023-06-07,60.65688838242908,27.90019461609265,,,no_match,no_stac_item,,,,,,,256,128,0,0,0,"B02,B03,B04,B08"
FI_00000546,2023-09-05,60.65688838242908,27.90019461609265,D:\Water Quality Parameter Estimation\wq_pipeline\artifacts\tolerance_1d\prepared\chips\train\sample_FI_00000546.npz,D:\Water Quality Parameter Estimation\wq_pipeline\artifacts\tolerance_1d\prepared\chips\train\sample_FI_00000546.png,ok,,S2B_MSIL2A_20230906T093549_R036_T35VNH_20241029T123722,2023-09-06,1,25.755775,54.5450230268766,0.0,256,128,0,0,9,"B02,B03,B04,B08"
FI_00000547,2023-09-05,60.65688838242908,27.90019461609265,D:\Water Quality Parameter Estimation\wq_pipeline\artifacts\tolerance_1d\prepared\chips\train\sample_FI_00000547.npz,D:\Water Quality Parameter Estimation\wq_pipeline\artifacts\tolerance_1d\prepared\chips\train\sample_FI_00000547.png,ok,,S2B_MSIL2A_20230906T093549_R036_T35VNH_20241029T123722,2023-09-06,1,25.755775,54.5450230268766,0.0,256,128,0,0,9,"B02,B03,B04,B08"
FI_00000548,2023-09-05,60.65688838242908,27.90019461609265,D:\Water Quality Parameter Estimation\wq_pipeline\artifacts\tolerance_1d\prepared\chips\train\sample_FI_00000548.npz,D:\Water Quality Parameter Estimation\wq_pipeline\artifacts\tolerance_1d\prepared\chips\train\sample_FI_00000548.png,ok,,S2B_MSIL2A_20230906T093549_R036_T35VNH_20241029T123722,2023-09-06,1,25.755775,54.5450230268766,0.0,256,128,0,0,9,"B02,B03,B04,B08"
FI_00000549,2023-09-05,60.65688838242908,27.90019461609265,D:\Water Quality Parameter Estimation\wq_pipeline\artifacts\tolerance_1d\prepared\chips\train\sample_FI_00000549.npz,D:\Water Quality Parameter Estimation\wq_pipeline\artifacts\tolerance_1d\prepared\chips\train\sample_FI_00000549.png,ok,,S2B_MSIL2A_20230906T093549_R036_T35VNH_20241029T123722,2023-09-06,1,25.755775,54.5450230268766,0.0,256,128,0,0,9,"B02,B03,B04,B08"
FI_00000550,2023-09-05,60.65688838242908,27.90019461609265,D:\Water Quality Parameter Estimation\wq_pipeline\artifacts\tolerance_1d\prepared\chips\train\sample_FI_00000550.npz,D:\Water Quality Parameter Estimation\wq_pipeline\artifacts\tolerance_1d\prepared\chips\train\sample_FI_00000550.png,ok,,S2B_MSIL2A_20230906T093549_R036_T35VNH_20241029T123722,2023-09-06,1,25.755775,54.5450230268766,0.0,256,128,0,0,9,"B02,B03,B04,B08"
FI_00000551,2023-09-05,60.65688838242908,27.90019461609265,D:\Water Quality Parameter Estimation\wq_pipeline\artifacts\tolerance_1d\prepared\chips\train\sample_FI_00000551.npz,D:\Water Quality Parameter Estimation\wq_pipeline\artifacts\tolerance_1d\prepared\chips\train\sample_FI_00000551.png,ok,,S2B_MSIL2A_20230906T093549_R036_T35VNH_20241029T123722,2023-09-06,1,25.755775,54.5450230268766,0.0,256,128,0,0,9,"B02,B03,B04,B08"
FI_00000552,2023-10-03,60.65688838242908,27.90019461609265,,,no_match,no_stac_item,,,,,,,256,128,0,0,0,"B02,B03,B04,B08"
FI_00000553,2023-10-03,60.65688838242908,27.90019461609265,,,no_match,no_stac_item,,,,,,,256,128,0,0,0,"B02,B03,B04,B08"
FI_00000554,2023-10-03,60.65688838242908,27.90019461609265,,,no_match,no_stac_item,,,,,,,256,128,0,0,0,"B02,B03,B04,B08"
FI_00000555,2023-10-03,60.65688838242908,27.90019461609265,,,no_match,no_stac_item,,,,,,,256,128,0,0,0,"B02,B03,B04,B08"
FI_00000556,2023-10-03,60.65688838242908,27.90019461609265,,,no_match,no_stac_item,,,,,,,256,128,0,0,0,"B02,B03,B04,B08"
FI_00000557,2023-10-03,60.65688838242908,27.90019461609265,,,no_match,no_stac_item,,,,,,,256,128,0,0,0,"B02,B03,B04,B08"
FI_00000558,2023-11-01,60.65688838242908,27.90019461609265,,,no_match,no_stac_item,,,,,,,256,128,0,0,0,"B02,B03,B04,B08"
FI_00000559,2023-11-01,60.65688838242908,27.90019461609265,,,no_match,no_stac_item,,,,,,,256,128,0,0,0,"B02,B03,B04,B08"
FI_00000560,2023-11-01,60.65688838242908,27.90019461609265,,,no_match,no_stac_item,,,,,,,256,128,0,0,0,"B02,B03,B04,B08"
FI_00000561,2023-11-01,60.65688838242908,27.90019461609265,,,no_match,no_stac_item,,,,,,,256,128,0,0,0,"B02,B03,B04,B08"
FI_00000562,2023-11-01,60.65688838242908,27.90019461609265,,,no_match,no_stac_item,,,,,,,256,128,0,0,0,"B02,B03,B04,B08"
FI_00000563,2023-11-01,60.65688838242908,27.90019461609265,,,no_match,no_stac_item,,,,,,,256,128,0,0,0,"B02,B03,B04,B08"
FI_00000564,2023-12-12,60.65688838242908,27.90019461609265,,,no_match,no_stac_item,,,,,,,256,128,0,0,0,"B02,B03,B04,B08"
FI_00000565,2023-12-12,60.65688838242908,27.90019461609265,,,no_match,no_stac_item,,,,,,,256,128,0,0,0,"B02,B03,B04,B08"
FI_00000566,2023-12-12,60.65688838242908,27.90019461609265,,,no_match,no_stac_item,,,,,,,256,128,0,0,0,"B02,B03,B04,B08"
FI_00000567,2023-12-12,60.65688838242908,27.90019461609265,,,no_match,no_stac_item,,,,,,,256,128,0,0,0,"B02,B03,B04,B08"
FI_00000568,2023-12-12,60.65688838242908,27.90019461609265,,,no_match,no_stac_item,,,,,,,256,128,0,0,0,"B02,B03,B04,B08"
FI_00000569,2023-12-12,60.65688838242908,27.90019461609265,,,no_match,no_stac_item,,,,,,,256,128,0,0,0,"B02,B03,B04,B08"
FI_00000576,2024-02-06,60.65688838242908,27.90019461609265,,,no_match,no_stac_item,,,,,,,256,128,0,0,0,"B02,B03,B04,B08"
FI_00000577,2024-02-06,60.65688838242908,27.90019461609265,,,no_match,no_stac_item,,,,,,,256,128,0,0,0,"B02,B03,B04,B08"
FI_00000578,2024-02-06,60.65688838242908,27.90019461609265,,,no_match,no_stac_item,,,,,,,256,128,0,0,0,"B02,B03,B04,B08"
FI_00000579,2024-02-06,60.65688838242908,27.90019461609265,,,no_match,no_stac_item,,,,,,,256,128,0,0,0,"B02,B03,B04,B08"
FI_00000580,2024-02-06,60.65688838242908,27.90019461609265,,,no_match,no_stac_item,,,,,,,256,128,0,0,0,"B02,B03,B04,B08"
FI_00000581,2024-02-06,60.65688838242908,27.90019461609265,,,no_match,no_stac_item,,,,,,,256,128,0,0,0,"B02,B03,B04,B08"
FI_00000582,2024-03-05,60.65688838242908,27.90019461609265,D:\Water Quality Parameter Estimation\wq_pipeline\artifacts\tolerance_1d\prepared\chips\train\sample_FI_00000582.npz,D:\Water Quality Parameter Estimation\wq_pipeline\artifacts\tolerance_1d\prepared\chips\train\sample_FI_00000582.png,ok,,S2A_MSIL2A_20240306T093031_R136_T35VNH_20240306T141731,2024-03-06,1,0.016502,66.8378615809566,4.57763671875e-05,256,128,0,0,9,"B02,B03,B04,B08"
FI_00000583,2024-03-05,60.65688838242908,27.90019461609265,D:\Water Quality Parameter Estimation\wq_pipeline\artifacts\tolerance_1d\prepared\chips\train\sample_FI_00000583.npz,D:\Water Quality Parameter Estimation\wq_pipeline\artifacts\tolerance_1d\prepared\chips\train\sample_FI_00000583.png,ok,,S2A_MSIL2A_20240306T093031_R136_T35VNH_20240306T141731,2024-03-06,1,0.016502,66.8378615809566,4.57763671875e-05,256,128,0,0,9,"B02,B03,B04,B08"
FI_00000584,2024-03-05,60.65688838242908,27.90019461609265,D:\Water Quality Parameter Estimation\wq_pipeline\artifacts\tolerance_1d\prepared\chips\train\sample_FI_00000584.npz,D:\Water Quality Parameter Estimation\wq_pipeline\artifacts\tolerance_1d\prepared\chips\train\sample_FI_00000584.png,ok,,S2A_MSIL2A_20240306T093031_R136_T35VNH_20240306T141731,2024-03-06,1,0.016502,66.8378615809566,4.57763671875e-05,256,128,0,0,9,"B02,B03,B04,B08"
FI_00000585,2024-03-05,60.65688838242908,27.90019461609265,D:\Water Quality Parameter Estimation\wq_pipeline\artifacts\tolerance_1d\prepared\chips\train\sample_FI_00000585.npz,D:\Water Quality Parameter Estimation\wq_pipeline\artifacts\tolerance_1d\prepared\chips\train\sample_FI_00000585.png,ok,,S2A_MSIL2A_20240306T093031_R136_T35VNH_20240306T141731,2024-03-06,1,0.016502,66.8378615809566,4.57763671875e-05,256,128,0,0,9,"B02,B03,B04,B08"
FI_00000586,2024-03-05,60.65688838242908,27.90019461609265,D:\Water Quality Parameter Estimation\wq_pipeline\artifacts\tolerance_1d\prepared\chips\train\sample_FI_00000586.npz,D:\Water Quality Parameter Estimation\wq_pipeline\artifacts\tolerance_1d\prepared\chips\train\sample_FI_00000586.png,ok,,S2A_MSIL2A_20240306T093031_R136_T35VNH_20240306T141731,2024-03-06,1,0.016502,66.8378615809566,4.57763671875e-05,256,128,0,0,9,"B02,B03,B04,B08"
FI_00000587,2024-03-05,60.65688838242908,27.90019461609265,D:\Water Quality Parameter Estimation\wq_pipeline\artifacts\tolerance_1d\prepared\chips\train\sample_FI_00000587.npz,D:\Water Quality Parameter Estimation\wq_pipeline\artifacts\tolerance_1d\prepared\chips\train\sample_FI_00000587.png,ok,,S2A_MSIL2A_20240306T093031_R136_T35VNH_20240306T141731,2024-03-06,1,0.016502,66.8378615809566,4.57763671875e-05,256,128,0,0,9,"B02,B03,B04,B08"
FI_00000588,2024-04-02,60.65688838242908,27.90019461609265,,,no_match,no_stac_item,,,,,,,256,128,0,0,0,"B02,B03,B04,B08"
FI_00000589,2024-04-02,60.65688838242908,27.90019461609265,,,no_match,no_stac_item,,,,,,,256,128,0,0,0,"B02,B03,B04,B08"
FI_00000590,2024-04-02,60.65688838242908,27.90019461609265,,,no_match,no_stac_item,,,,,,,256,128,0,0,0,"B02,B03,B04,B08"
FI_00000591,2024-04-02,60.65688838242908,27.90019461609265,,,no_match,no_stac_item,,,,,,,256,128,0,0,0,"B02,B03,B04,B08"
FI_00000592,2024-04-02,60.65688838242908,27.90019461609265,,,no_match,no_stac_item,,,,,,,256,128,0,0,0,"B02,B03,B04,B08"
FI_00000593,2024-04-02,60.65688838242908,27.90019461609265,,,no_match,no_stac_item,,,,,,,256,128,0,0,0,"B02,B03,B04,B08"
FI_00000594,2024-05-07,60.65688838242908,27.90019461609265,D:\Water Quality Parameter Estimation\wq_pipeline\artifacts\tolerance_1d\prepared\chips\train\sample_FI_00000594.npz,D:\Water Quality Parameter Estimation\wq_pipeline\artifacts\tolerance_1d\prepared\chips\train\sample_FI_00000594.png,ok,,S2A_MSIL2A_20240508T094031_R036_T35VNH_20240508T152742,2024-05-08,1,30.803224,43.7231349406598,0.0,256,128,0,0,9,"B02,B03,B04,B08"
FI_00000595,2024-05-07,60.65688838242908,27.90019461609265,D:\Water Quality Parameter Estimation\wq_pipeline\artifacts\tolerance_1d\prepared\chips\train\sample_FI_00000595.npz,D:\Water Quality Parameter Estimation\wq_pipeline\artifacts\tolerance_1d\prepared\chips\train\sample_FI_00000595.png,ok,,S2A_MSIL2A_20240508T094031_R036_T35VNH_20240508T152742,2024-05-08,1,30.803224,43.7231349406598,0.0,256,128,0,0,9,"B02,B03,B04,B08"
FI_00000596,2024-05-07,60.65688838242908,27.90019461609265,D:\Water Quality Parameter Estimation\wq_pipeline\artifacts\tolerance_1d\prepared\chips\train\sample_FI_00000596.npz,D:\Water Quality Parameter Estimation\wq_pipeline\artifacts\tolerance_1d\prepared\chips\train\sample_FI_00000596.png,ok,,S2A_MSIL2A_20240508T094031_R036_T35VNH_20240508T152742,2024-05-08,1,30.803224,43.7231349406598,0.0,256,128,0,0,9,"B02,B03,B04,B08"
FI_00000597,2024-05-07,60.65688838242908,27.90019461609265,D:\Water Quality Parameter Estimation\wq_pipeline\artifacts\tolerance_1d\prepared\chips\train\sample_FI_00000597.npz,D:\Water Quality Parameter Estimation\wq_pipeline\artifacts\tolerance_1d\prepared\chips\train\sample_FI_00000597.png,ok,,S2A_MSIL2A_20240508T094031_R036_T35VNH_20240508T152742,2024-05-08,1,30.803224,43.7231349406598,0.0,256,128,0,0,9,"B02,B03,B04,B08"
FI_00000598,2024-05-07,60.65688838242908,27.90019461609265,D:\Water Quality Parameter Estimation\wq_pipeline\artifacts\tolerance_1d\prepared\chips\train\sample_FI_00000598.npz,D:\Water Quality Parameter Estimation\wq_pipeline\artifacts\tolerance_1d\prepared\chips\train\sample_FI_00000598.png,ok,,S2A_MSIL2A_20240508T094031_R036_T35VNH_20240508T152742,2024-05-08,1,30.803224,43.7231349406598,0.0,256,128,0,0,9,"B02,B03,B04,B08"
FI_00000599,2024-05-07,60.65688838242908,27.90019461609265,D:\Water Quality Parameter Estimation\wq_pipeline\artifacts\tolerance_1d\prepared\chips\train\sample_FI_00000599.npz,D:\Water Quality Parameter Estimation\wq_pipeline\artifacts\tolerance_1d\prepared\chips\train\sample_FI_00000599.png,ok,,S2A_MSIL2A_20240508T094031_R036_T35VNH_20240508T152742,2024-05-08,1,30.803224,43.7231349406598,0.0,256,128,0,0,9,"B02,B03,B04,B08"
FI_00000600,2024-06-04,60.65688838242908,27.90019461609265,D:\Water Quality Parameter Estimation\wq_pipeline\artifacts\tolerance_1d\prepared\chips\train\sample_FI_00000600.npz,D:\Water Quality Parameter Estimation\wq_pipeline\artifacts\tolerance_1d\prepared\chips\train\sample_FI_00000600.png,ok,,S2A_MSIL2A_20240604T093041_R136_T35VNH_20240604T132058,2024-06-04,0,36.4135,38.7496611520196,0.0,256,128,0,0,9,"B02,B03,B04,B08"
FI_00000601,2024-06-04,60.65688838242908,27.90019461609265,D:\Water Quality Parameter Estimation\wq_pipeline\artifacts\tolerance_1d\prepared\chips\train\sample_FI_00000601.npz,D:\Water Quality Parameter Estimation\wq_pipeline\artifacts\tolerance_1d\prepared\chips\train\sample_FI_00000601.png,ok,,S2A_MSIL2A_20240604T093041_R136_T35VNH_20240604T132058,2024-06-04,0,36.4135,38.7496611520196,0.0,256,128,0,0,9,"B02,B03,B04,B08"
FI_00000602,2024-06-04,60.65688838242908,27.90019461609265,D:\Water Quality Parameter Estimation\wq_pipeline\artifacts\tolerance_1d\prepared\chips\train\sample_FI_00000602.npz,D:\Water Quality Parameter Estimation\wq_pipeline\artifacts\tolerance_1d\prepared\chips\train\sample_FI_00000602.png,ok,,S2A_MSIL2A_20240604T093041_R136_T35VNH_20240604T132058,2024-06-04,0,36.4135,38.7496611520196,0.0,256,128,0,0,9,"B02,B03,B04,B08"
FI_00000603,2024-06-04,60.65688838242908,27.90019461609265,D:\Water Quality Parameter Estimation\wq_pipeline\artifacts\tolerance_1d\prepared\chips\train\sample_FI_00000603.npz,D:\Water Quality Parameter Estimation\wq_pipeline\artifacts\tolerance_1d\prepared\chips\train\sample_FI_00000603.png,ok,,S2A_MSIL2A_20240604T093041_R136_T35VNH_20240604T132058,2024-06-04,0,36.4135,38.7496611520196,0.0,256,128,0,0,9,"B02,B03,B04,B08"
FI_00000604,2024-06-04,60.65688838242908,27.90019461609265,D:\Water Quality Parameter Estimation\wq_pipeline\artifacts\tolerance_1d\prepared\chips\train\sample_FI_00000604.npz,D:\Water Quality Parameter Estimation\wq_pipeline\artifacts\tolerance_1d\prepared\chips\train\sample_FI_00000604.png,ok,,S2A_MSIL2A_20240604T093041_R136_T35VNH_20240604T132058,2024-06-04,0,36.4135,38.7496611520196,0.0,256,128,0,0,9,"B02,B03,B04,B08"
FI_00000605,2024-06-04,60.65688838242908,27.90019461609265,D:\Water Quality Parameter Estimation\wq_pipeline\artifacts\tolerance_1d\prepared\chips\train\sample_FI_00000605.npz,D:\Water Quality Parameter Estimation\wq_pipeline\artifacts\tolerance_1d\prepared\chips\train\sample_FI_00000605.png,ok,,S2A_MSIL2A_20240604T093041_R136_T35VNH_20240604T132058,2024-06-04,0,36.4135,38.7496611520196,0.0,256,128,0,0,9,"B02,B03,B04,B08"
FI_00000606,2024-07-02,60.65688838242908,27.90019461609265,,,no_match,no_stac_item,,,,,,,256,128,0,0,0,"B02,B03,B04,B08"
FI_00000607,2024-07-02,60.65688838242908,27.90019461609265,,,no_match,no_stac_item,,,,,,,256,128,0,0,0,"B02,B03,B04,B08"
FI_00000608,2024-07-02,60.65688838242908,27.90019461609265,,,no_match,no_stac_item,,,,,,,256,128,0,0,0,"B02,B03,B04,B08"
FI_00000609,2024-07-02,60.65688838242908,27.90019461609265,,,no_match,no_stac_item,,,,,,,256,128,0,0,0,"B02,B03,B04,B08"
FI_00000610,2024-07-02,60.65688838242908,27.90019461609265,,,no_match,no_stac_item,,,,,,,256,128,0,0,0,"B02,B03,B04,B08"
FI_00000611,2024-07-02,60.65688838242908,27.90019461609265,,,no_match,no_stac_item,,,,,,,256,128,0,0,0,"B02,B03,B04,B08"
FI_00000618,2024-09-03,60.65688838242908,27.90019461609265,,,no_match,no_stac_item,,,,,,,256,128,0,0,0,"B02,B03,B04,B08"
FI_00000619,2024-09-03,60.65688838242908,27.90019461609265,,,no_match,no_stac_item,,,,,,,256,128,0,0,0,"B02,B03,B04,B08"
FI_00000620,2024-09-03,60.65688838242908,27.90019461609265,,,no_match,no_stac_item,,,,,,,256,128,0,0,0,"B02,B03,B04,B08"
FI_00000621,2024-09-03,60.65688838242908,27.90019461609265,,,no_match,no_stac_item,,,,,,,256,128,0,0,0,"B02,B03,B04,B08"
FI_00000622,2024-09-03,60.65688838242908,27.90019461609265,,,no_match,no_stac_item,,,,,,,256,128,0,0,0,"B02,B03,B04,B08"
FI_00000623,2024-09-03,60.65688838242908,27.90019461609265,,,no_match,no_stac_item,,,,,,,256,128,0,0,0,"B02,B03,B04,B08"
FI_00000624,2024-10-01,60.65688838242908,27.90019461609265,D:\Water Quality Parameter Estimation\wq_pipeline\artifacts\tolerance_1d\prepared\chips\train\sample_FI_00000624.npz,D:\Water Quality Parameter Estimation\wq_pipeline\artifacts\tolerance_1d\prepared\chips\train\sample_FI_00000624.png,ok,,S2B_MSIL2A_20240930T094029_R036_T35VNH_20240930T125406,2024-09-30,1,6.764941,63.9655152771795,1.1444091796875e-05,256,128,0,0,9,"B02,B03,B04,B08"
FI_00000625,2024-10-01,60.65688838242908,27.90019461609265,D:\Water Quality Parameter Estimation\wq_pipeline\artifacts\tolerance_1d\prepared\chips\train\sample_FI_00000625.npz,D:\Water Quality Parameter Estimation\wq_pipeline\artifacts\tolerance_1d\prepared\chips\train\sample_FI_00000625.png,ok,,S2B_MSIL2A_20240930T094029_R036_T35VNH_20240930T125406,2024-09-30,1,6.764941,63.9655152771795,1.1444091796875e-05,256,128,0,0,9,"B02,B03,B04,B08"
FI_00000626,2024-10-01,60.65688838242908,27.90019461609265,D:\Water Quality Parameter Estimation\wq_pipeline\artifacts\tolerance_1d\prepared\chips\train\sample_FI_00000626.npz,D:\Water Quality Parameter Estimation\wq_pipeline\artifacts\tolerance_1d\prepared\chips\train\sample_FI_00000626.png,ok,,S2B_MSIL2A_20240930T094029_R036_T35VNH_20240930T125406,2024-09-30,1,6.764941,63.9655152771795,1.1444091796875e-05,256,128,0,0,9,"B02,B03,B04,B08"
FI_00000627,2024-10-01,60.65688838242908,27.90019461609265,D:\Water Quality Parameter Estimation\wq_pipeline\artifacts\tolerance_1d\prepared\chips\train\sample_FI_00000627.npz,D:\Water Quality Parameter Estimation\wq_pipeline\artifacts\tolerance_1d\prepared\chips\train\sample_FI_00000627.png,ok,,S2B_MSIL2A_20240930T094029_R036_T35VNH_20240930T125406,2024-09-30,1,6.764941,63.9655152771795,1.1444091796875e-05,256,128,0,0,9,"B02,B03,B04,B08"
FI_00000628,2024-10-01,60.65688838242908,27.90019461609265,D:\Water Quality Parameter Estimation\wq_pipeline\artifacts\tolerance_1d\prepared\chips\train\sample_FI_00000628.npz,D:\Water Quality Parameter Estimation\wq_pipeline\artifacts\tolerance_1d\prepared\chips\train\sample_FI_00000628.png,ok,,S2B_MSIL2A_20240930T094029_R036_T35VNH_20240930T125406,2024-09-30,1,6.764941,63.9655152771795,1.1444091796875e-05,256,128,0,0,9,"B02,B03,B04,B08"
FI_00000629,2024-10-01,60.65688838242908,27.90019461609265,D:\Water Quality Parameter Estimation\wq_pipeline\artifacts\tolerance_1d\prepared\chips\train\sample_FI_00000629.npz,D:\Water Quality Parameter Estimation\wq_pipeline\artifacts\tolerance_1d\prepared\chips\train\sample_FI_00000629.png,ok,,S2B_MSIL2A_20240930T094029_R036_T35VNH_20240930T125406,2024-09-30,1,6.764941,63.9655152771795,1.1444091796875e-05,256,128,0,0,9,"B02,B03,B04,B08"
FI_00000630,2024-11-06,60.65688838242908,27.90019461609265,,,no_match,no_stac_item,,,,,,,256,128,0,0,0,"B02,B03,B04,B08"
FI_00000631,2024-11-06,60.65688838242908,27.90019461609265,,,no_match,no_stac_item,,,,,,,256,128,0,0,0,"B02,B03,B04,B08"
FI_00000632,2024-11-06,60.65688838242908,27.90019461609265,,,no_match,no_stac_item,,,,,,,256,128,0,0,0,"B02,B03,B04,B08"
FI_00000633,2024-11-06,60.65688838242908,27.90019461609265,,,no_match,no_stac_item,,,,,,,256,128,0,0,0,"B02,B03,B04,B08"
FI_00000634,2024-11-06,60.65688838242908,27.90019461609265,,,no_match,no_stac_item,,,,,,,256,128,0,0,0,"B02,B03,B04,B08"
FI_00000635,2024-11-06,60.65688838242908,27.90019461609265,,,no_match,no_stac_item,,,,,,,256,128,0,0,0,"B02,B03,B04,B08"
FI_00000642,2023-02-08,60.33564037793927,24.06683532961399,,,no_match,no_stac_item,,,,,,,256,128,0,0,0,"B02,B03,B04,B08"
FI_00000643,2023-02-08,60.33564037793927,24.06683532961399,,,no_match,no_stac_item,,,,,,,256,128,0,0,0,"B02,B03,B04,B08"
FI_00000644,2023-02-08,60.33564037793927,24.06683532961399,,,no_match,no_stac_item,,,,,,,256,128,0,0,0,"B02,B03,B04,B08"
FI_00000645,2023-02-08,60.33564037793927,24.06683532961399,,,no_match,no_stac_item,,,,,,,256,128,0,0,0,"B02,B03,B04,B08"
FI_00000646,2023-02-08,60.33564037793927,24.06683532961399,,,no_match,no_stac_item,,,,,,,256,128,0,0,0,"B02,B03,B04,B08"
FI_00000647,2023-02-08,60.33564037793927,24.06683532961399,,,no_match,no_stac_item,,,,,,,256,128,0,0,0,"B02,B03,B04,B08"
FI_00000648,2023-03-22,60.33564037793927,24.06683532961399,,,rejected,nodata_reject,S2A_MSIL2A_20230321T100031_R122_T35VLH_20230321T173818,2023-03-21,1,12.240521,60.8170103050899,1.0,256,128,0,0,9,"B02,B03,B04,B08"
FI_00000649,2023-03-22,60.33564037793927,24.06683532961399,,,rejected,nodata_reject,S2A_MSIL2A_20230321T100031_R122_T35VLH_20230321T173818,2023-03-21,1,12.240521,60.8170103050899,1.0,256,128,0,0,9,"B02,B03,B04,B08"
FI_00000650,2023-03-22,60.33564037793927,24.06683532961399,,,rejected,nodata_reject,S2A_MSIL2A_20230321T100031_R122_T35VLH_20230321T173818,2023-03-21,1,12.240521,60.8170103050899,1.0,256,128,0,0,9,"B02,B03,B04,B08"
FI_00000651,2023-03-22,60.33564037793927,24.06683532961399,,,rejected,nodata_reject,S2A_MSIL2A_20230321T100031_R122_T35VLH_20230321T173818,2023-03-21,1,12.240521,60.8170103050899,1.0,256,128,0,0,9,"B02,B03,B04,B08"
FI_00000652,2023-03-22,60.33564037793927,24.06683532961399,,,rejected,nodata_reject,S2A_MSIL2A_20230321T100031_R122_T35VLH_20230321T173818,2023-03-21,1,12.240521,60.8170103050899,1.0,256,128,0,0,9,"B02,B03,B04,B08"
FI_00000653,2023-03-22,60.33564037793927,24.06683532961399,,,rejected,nodata_reject,S2A_MSIL2A_20230321T100031_R122_T35VLH_20230321T173818,2023-03-21,1,12.240521,60.8170103050899,1.0,256,128,0,0,9,"B02,B03,B04,B08"
FI_00000660,2023-05-09,60.33564037793927,24.06683532961399,D:\Water Quality Parameter Estimation\wq_pipeline\artifacts\tolerance_1d\prepared\chips\train\sample_FI_00000660.npz,D:\Water Quality Parameter Estimation\wq_pipeline\artifacts\tolerance_1d\prepared\chips\train\sample_FI_00000660.png,ok,,S2A_MSIL2A_20230510T100031_R122_T34VFN_20230510T160725,2023-05-10,1,13.221435,43.3163388318382,0.0,256,128,0,0,9,"B02,B03,B04,B08"
FI_00000661,2023-05-09,60.33564037793927,24.06683532961399,D:\Water Quality Parameter Estimation\wq_pipeline\artifacts\tolerance_1d\prepared\chips\train\sample_FI_00000661.npz,D:\Water Quality Parameter Estimation\wq_pipeline\artifacts\tolerance_1d\prepared\chips\train\sample_FI_00000661.png,ok,,S2A_MSIL2A_20230510T100031_R122_T34VFN_20230510T160725,2023-05-10,1,13.221435,43.3163388318382,0.0,256,128,0,0,9,"B02,B03,B04,B08"
FI_00000662,2023-05-09,60.33564037793927,24.06683532961399,D:\Water Quality Parameter Estimation\wq_pipeline\artifacts\tolerance_1d\prepared\chips\train\sample_FI_00000662.npz,D:\Water Quality Parameter Estimation\wq_pipeline\artifacts\tolerance_1d\prepared\chips\train\sample_FI_00000662.png,ok,,S2A_MSIL2A_20230510T100031_R122_T34VFN_20230510T160725,2023-05-10,1,13.221435,43.3163388318382,0.0,256,128,0,0,9,"B02,B03,B04,B08"
FI_00000663,2023-05-09,60.33564037793927,24.06683532961399,D:\Water Quality Parameter Estimation\wq_pipeline\artifacts\tolerance_1d\prepared\chips\train\sample_FI_00000663.npz,D:\Water Quality Parameter Estimation\wq_pipeline\artifacts\tolerance_1d\prepared\chips\train\sample_FI_00000663.png,ok,,S2A_MSIL2A_20230510T100031_R122_T34VFN_20230510T160725,2023-05-10,1,13.221435,43.3163388318382,0.0,256,128,0,0,9,"B02,B03,B04,B08"
FI_00000664,2023-05-09,60.33564037793927,24.06683532961399,D:\Water Quality Parameter Estimation\wq_pipeline\artifacts\tolerance_1d\prepared\chips\train\sample_FI_00000664.npz,D:\Water Quality Parameter Estimation\wq_pipeline\artifacts\tolerance_1d\prepared\chips\train\sample_FI_00000664.png,ok,,S2A_MSIL2A_20230510T100031_R122_T34VFN_20230510T160725,2023-05-10,1,13.221435,43.3163388318382,0.0,256,128,0,0,9,"B02,B03,B04,B08"
FI_00000665,2023-05-09,60.33564037793927,24.06683532961399,D:\Water Quality Parameter Estimation\wq_pipeline\artifacts\tolerance_1d\prepared\chips\train\sample_FI_00000665.npz,D:\Water Quality Parameter Estimation\wq_pipeline\artifacts\tolerance_1d\prepared\chips\train\sample_FI_00000665.png,ok,,S2A_MSIL2A_20230510T100031_R122_T34VFN_20230510T160725,2023-05-10,1,13.221435,43.3163388318382,0.0,256,128,0,0,9,"B02,B03,B04,B08"
FI_00000672,2023-08-30,60.33564037793927,24.06683532961399,,,no_match,no_stac_item,,,,,,,256,128,0,0,0,"B02,B03,B04,B08"
FI_00000673,2023-08-30,60.33564037793927,24.06683532961399,,,no_match,no_stac_item,,,,,,,256,128,0,0,0,"B02,B03,B04,B08"
FI_00000674,2023-08-30,60.33564037793927,24.06683532961399,,,no_match,no_stac_item,,,,,,,256,128,0,0,0,"B02,B03,B04,B08"
FI_00000675,2023-08-30,60.33564037793927,24.06683532961399,,,no_match,no_stac_item,,,,,,,256,128,0,0,0,"B02,B03,B04,B08"
FI_00000676,2023-08-30,60.33564037793927,24.06683532961399,,,no_match,no_stac_item,,,,,,,256,128,0,0,0,"B02,B03,B04,B08"
FI_00000677,2023-08-30,60.33564037793927,24.06683532961399,,,no_match,no_stac_item,,,,,,,256,128,0,0,0,"B02,B03,B04,B08"
FI_00000708,2024-03-06,60.33564037793927,24.06683532961399,,,rejected,nodata_reject,S2A_MSIL2A_20240305T100031_R122_T35VLH_20240305T140829,2024-03-05,1,0.249044,66.8653509920274,1.0,256,128,0,0,9,"B02,B03,B04,B08"
FI_00000709,2024-03-06,60.33564037793927,24.06683532961399,,,rejected,nodata_reject,S2A_MSIL2A_20240305T100031_R122_T35VLH_20240305T140829,2024-03-05,1,0.249044,66.8653509920274,1.0,256,128,0,0,9,"B02,B03,B04,B08"
FI_00000710,2024-03-06,60.33564037793927,24.06683532961399,,,rejected,nodata_reject,S2A_MSIL2A_20240305T100031_R122_T35VLH_20240305T140829,2024-03-05,1,0.249044,66.8653509920274,1.0,256,128,0,0,9,"B02,B03,B04,B08"
FI_00000711,2024-03-06,60.33564037793927,24.06683532961399,,,rejected,nodata_reject,S2A_MSIL2A_20240305T100031_R122_T35VLH_20240305T140829,2024-03-05,1,0.249044,66.8653509920274,1.0,256,128,0,0,9,"B02,B03,B04,B08"
FI_00000712,2024-03-06,60.33564037793927,24.06683532961399,,,rejected,nodata_reject,S2A_MSIL2A_20240305T100031_R122_T35VLH_20240305T140829,2024-03-05,1,0.249044,66.8653509920274,1.0,256,128,0,0,9,"B02,B03,B04,B08"
FI_00000713,2024-03-06,60.33564037793927,24.06683532961399,,,rejected,nodata_reject,S2A_MSIL2A_20240305T100031_R122_T35VLH_20240305T140829,2024-03-05,1,0.249044,66.8653509920274,1.0,256,128,0,0,9,"B02,B03,B04,B08"
FI_00000726,2024-06-04,60.33564037793927,24.06683532961399,D:\Water Quality Parameter Estimation\wq_pipeline\artifacts\tolerance_1d\prepared\chips\train\sample_FI_00000726.npz,D:\Water Quality Parameter Estimation\wq_pipeline\artifacts\tolerance_1d\prepared\chips\train\sample_FI_00000726.png,ok,,S2B_MSIL2A_20240605T094549_R079_T34VFM_20240605T123126,2024-06-05,1,0.460052,37.6565926418507,0.0,256,128,0,0,9,"B02,B03,B04,B08"
FI_00000727,2024-06-04,60.33564037793927,24.06683532961399,D:\Water Quality Parameter Estimation\wq_pipeline\artifacts\tolerance_1d\prepared\chips\train\sample_FI_00000727.npz,D:\Water Quality Parameter Estimation\wq_pipeline\artifacts\tolerance_1d\prepared\chips\train\sample_FI_00000727.png,ok,,S2B_MSIL2A_20240605T094549_R079_T34VFM_20240605T123126,2024-06-05,1,0.460052,37.6565926418507,0.0,256,128,0,0,9,"B02,B03,B04,B08"
FI_00000728,2024-06-04,60.33564037793927,24.06683532961399,D:\Water Quality Parameter Estimation\wq_pipeline\artifacts\tolerance_1d\prepared\chips\train\sample_FI_00000728.npz,D:\Water Quality Parameter Estimation\wq_pipeline\artifacts\tolerance_1d\prepared\chips\train\sample_FI_00000728.png,ok,,S2B_MSIL2A_20240605T094549_R079_T34VFM_20240605T123126,2024-06-05,1,0.460052,37.6565926418507,0.0,256,128,0,0,9,"B02,B03,B04,B08"
FI_00000729,2024-06-04,60.33564037793927,24.06683532961399,D:\Water Quality Parameter Estimation\wq_pipeline\artifacts\tolerance_1d\prepared\chips\train\sample_FI_00000729.npz,D:\Water Quality Parameter Estimation\wq_pipeline\artifacts\tolerance_1d\prepared\chips\train\sample_FI_00000729.png,ok,,S2B_MSIL2A_20240605T094549_R079_T34VFM_20240605T123126,2024-06-05,1,0.460052,37.6565926418507,0.0,256,128,0,0,9,"B02,B03,B04,B08"
FI_00000730,2024-06-04,60.33564037793927,24.06683532961399,D:\Water Quality Parameter Estimation\wq_pipeline\artifacts\tolerance_1d\prepared\chips\train\sample_FI_00000730.npz,D:\Water Quality Parameter Estimation\wq_pipeline\artifacts\tolerance_1d\prepared\chips\train\sample_FI_00000730.png,ok,,S2B_MSIL2A_20240605T094549_R079_T34VFM_20240605T123126,2024-06-05,1,0.460052,37.6565926418507,0.0,256,128,0,0,9,"B02,B03,B04,B08"
FI_00000731,2024-06-04,60.33564037793927,24.06683532961399,D:\Water Quality Parameter Estimation\wq_pipeline\artifacts\tolerance_1d\prepared\chips\train\sample_FI_00000731.npz,D:\Water Quality Parameter Estimation\wq_pipeline\artifacts\tolerance_1d\prepared\chips\train\sample_FI_00000731.png,ok,,S2B_MSIL2A_20240605T094549_R079_T34VFM_20240605T123126,2024-06-05,1,0.460052,37.6565926418507,0.0,256,128,0,0,9,"B02,B03,B04,B08"
FI_00000732,2024-08-06,60.33564037793927,24.06683532961399,,,rejected,nodata_reject,S2A_MSIL2A_20240806T094031_R036_T34VFM_20240806T115350,2024-08-06,0,27.409568,44.2402567674622,1.0,256,128,0,0,9,"B02,B03,B04,B08"
FI_00000733,2024-08-06,60.33564037793927,24.06683532961399,,,rejected,nodata_reject,S2A_MSIL2A_20240806T094031_R036_T34VFM_20240806T115350,2024-08-06,0,27.409568,44.2402567674622,1.0,256,128,0,0,9,"B02,B03,B04,B08"
FI_00000734,2024-08-06,60.33564037793927,24.06683532961399,,,rejected,nodata_reject,S2A_MSIL2A_20240806T094031_R036_T34VFM_20240806T115350,2024-08-06,0,27.409568,44.2402567674622,1.0,256,128,0,0,9,"B02,B03,B04,B08"
FI_00000735,2024-08-06,60.33564037793927,24.06683532961399,,,rejected,nodata_reject,S2A_MSIL2A_20240806T094031_R036_T34VFM_20240806T115350,2024-08-06,0,27.409568,44.2402567674622,1.0,256,128,0,0,9,"B02,B03,B04,B08"
FI_00000736,2024-08-06,60.33564037793927,24.06683532961399,,,rejected,nodata_reject,S2A_MSIL2A_20240806T094031_R036_T34VFM_20240806T115350,2024-08-06,0,27.409568,44.2402567674622,1.0,256,128,0,0,9,"B02,B03,B04,B08"
FI_00000737,2024-08-06,60.33564037793927,24.06683532961399,,,rejected,nodata_reject,S2A_MSIL2A_20240806T094031_R036_T34VFM_20240806T115350,2024-08-06,0,27.409568,44.2402567674622,1.0,256,128,0,0,9,"B02,B03,B04,B08"
FI_00000738,2024-10-28,60.33564037793927,24.06683532961399,,,no_match,no_stac_item,,,,,,,256,128,0,0,0,"B02,B03,B04,B08"
FI_00000739,2024-10-28,60.33564037793927,24.06683532961399,,,no_match,no_stac_item,,,,,,,256,128,0,0,0,"B02,B03,B04,B08"
FI_00000740,2024-10-28,60.33564037793927,24.06683532961399,,,no_match,no_stac_item,,,,,,,256,128,0,0,0,"B02,B03,B04,B08"
FI_00000741,2024-10-28,60.33564037793927,24.06683532961399,,,no_match,no_stac_item,,,,,,,256,128,0,0,0,"B02,B03,B04,B08"
FI_00000742,2024-10-28,60.33564037793927,24.06683532961399,,,no_match,no_stac_item,,,,,,,256,128,0,0,0,"B02,B03,B04,B08"
FI_00000743,2024-10-28,60.33564037793927,24.06683532961399,,,no_match,no_stac_item,,,,,,,256,128,0,0,0,"B02,B03,B04,B08"
FI_00000942,2023-03-14,60.66558908011945,23.292230275876104,,,no_match,no_stac_item,,,,,,,256,128,0,0,0,"B02,B03,B04,B08"
FI_00000943,2023-03-14,60.66558908011945,23.292230275876104,,,no_match,no_stac_item,,,,,,,256,128,0,0,0,"B02,B03,B04,B08"
FI_00000944,2023-03-14,60.66558908011945,23.292230275876104,,,no_match,no_stac_item,,,,,,,256,128,0,0,0,"B02,B03,B04,B08"
FI_00000945,2023-03-14,60.66558908011945,23.292230275876104,,,no_match,no_stac_item,,,,,,,256,128,0,0,0,"B02,B03,B04,B08"
FI_00000946,2023-03-14,60.66558908011945,23.292230275876104,,,no_match,no_stac_item,,,,,,,256,128,0,0,0,"B02,B03,B04,B08"
FI_00000947,2023-03-14,60.66558908011945,23.292230275876104,,,no_match,no_stac_item,,,,,,,256,128,0,0,0,"B02,B03,B04,B08"
FI_00000972,2024-03-12,60.66558908011945,23.292230275876104,D:\Water Quality Parameter Estimation\wq_pipeline\artifacts\tolerance_1d\prepared\chips\train\sample_FI_00000972.npz,D:\Water Quality Parameter Estimation\wq_pipeline\artifacts\tolerance_1d\prepared\chips\train\sample_FI_00000972.png,ok,,S2A_MSIL2A_20240312T095031_R079_T34VFN_20240313T154824,2024-03-12,0,8.379667,64.3438677780617,8.392333984375e-05,256,128,0,0,9,"B02,B03,B04,B08"
FI_00000973,2024-03-12,60.66558908011945,23.292230275876104,D:\Water Quality Parameter Estimation\wq_pipeline\artifacts\tolerance_1d\prepared\chips\train\sample_FI_00000973.npz,D:\Water Quality Parameter Estimation\wq_pipeline\artifacts\tolerance_1d\prepared\chips\train\sample_FI_00000973.png,ok,,S2A_MSIL2A_20240312T095031_R079_T34VFN_20240313T154824,2024-03-12,0,8.379667,64.3438677780617,8.392333984375e-05,256,128,0,0,9,"B02,B03,B04,B08"
FI_00000974,2024-03-12,60.66558908011945,23.292230275876104,D:\Water Quality Parameter Estimation\wq_pipeline\artifacts\tolerance_1d\prepared\chips\train\sample_FI_00000974.npz,D:\Water Quality Parameter Estimation\wq_pipeline\artifacts\tolerance_1d\prepared\chips\train\sample_FI_00000974.png,ok,,S2A_MSIL2A_20240312T095031_R079_T34VFN_20240313T154824,2024-03-12,0,8.379667,64.3438677780617,8.392333984375e-05,256,128,0,0,9,"B02,B03,B04,B08"
FI_00000975,2024-03-12,60.66558908011945,23.292230275876104,D:\Water Quality Parameter Estimation\wq_pipeline\artifacts\tolerance_1d\prepared\chips\train\sample_FI_00000975.npz,D:\Water Quality Parameter Estimation\wq_pipeline\artifacts\tolerance_1d\prepared\chips\train\sample_FI_00000975.png,ok,,S2A_MSIL2A_20240312T095031_R079_T34VFN_20240313T154824,2024-03-12,0,8.379667,64.3438677780617,8.392333984375e-05,256,128,0,0,9,"B02,B03,B04,B08"
FI_00000976,2024-03-12,60.66558908011945,23.292230275876104,D:\Water Quality Parameter Estimation\wq_pipeline\artifacts\tolerance_1d\prepared\chips\train\sample_FI_00000976.npz,D:\Water Quality Parameter Estimation\wq_pipeline\artifacts\tolerance_1d\prepared\chips\train\sample_FI_00000976.png,ok,,S2A_MSIL2A_20240312T095031_R079_T34VFN_20240313T154824,2024-03-12,0,8.379667,64.3438677780617,8.392333984375e-05,256,128,0,0,9,"B02,B03,B04,B08"
FI_00000977,2024-03-12,60.66558908011945,23.292230275876104,D:\Water Quality Parameter Estimation\wq_pipeline\artifacts\tolerance_1d\prepared\chips\train\sample_FI_00000977.npz,D:\Water Quality Parameter Estimation\wq_pipeline\artifacts\tolerance_1d\prepared\chips\train\sample_FI_00000977.png,ok,,S2A_MSIL2A_20240312T095031_R079_T34VFN_20240313T154824,2024-03-12,0,8.379667,64.3438677780617,8.392333984375e-05,256,128,0,0,9,"B02,B03,B04,B08"
FI_00000984,2024-08-19,60.66558908011945,23.292230275876104,,,no_match,no_stac_item,,,,,,,256,128,0,0,0,"B02,B03,B04,B08"
FI_00000985,2024-08-19,60.66558908011945,23.292230275876104,,,no_match,no_stac_item,,,,,,,256,128,0,0,0,"B02,B03,B04,B08"
FI_00000986,2024-08-19,60.66558908011945,23.292230275876104,,,no_match,no_stac_item,,,,,,,256,128,0,0,0,"B02,B03,B04,B08"
FI_00000987,2024-08-19,60.66558908011945,23.292230275876104,,,no_match,no_stac_item,,,,,,,256,128,0,0,0,"B02,B03,B04,B08"
FI_00000988,2024-08-19,60.66558908011945,23.292230275876104,,,no_match,no_stac_item,,,,,,,256,128,0,0,0,"B02,B03,B04,B08"
FI_00000989,2024-08-19,60.66558908011945,23.292230275876104,,,no_match,no_stac_item,,,,,,,256,128,0,0,0,"B02,B03,B04,B08"
FI_00000990,2024-10-22,60.66558908011945,23.292230275876104,D:\Water Quality Parameter Estimation\wq_pipeline\artifacts\tolerance_1d\prepared\chips\train\sample_FI_00000990.npz,D:\Water Quality Parameter Estimation\wq_pipeline\artifacts\tolerance_1d\prepared\chips\train\sample_FI_00000990.png,ok,,S2B_MSIL2A_20241023T095029_R079_T34VFN_20241023T112106,2024-10-23,1,18.497606,72.5186875092467,0.0,256,128,0,0,9,"B02,B03,B04,B08"
FI_00000991,2024-10-22,60.66558908011945,23.292230275876104,D:\Water Quality Parameter Estimation\wq_pipeline\artifacts\tolerance_1d\prepared\chips\train\sample_FI_00000991.npz,D:\Water Quality Parameter Estimation\wq_pipeline\artifacts\tolerance_1d\prepared\chips\train\sample_FI_00000991.png,ok,,S2B_MSIL2A_20241023T095029_R079_T34VFN_20241023T112106,2024-10-23,1,18.497606,72.5186875092467,0.0,256,128,0,0,9,"B02,B03,B04,B08"
FI_00000992,2024-10-22,60.66558908011945,23.292230275876104,D:\Water Quality Parameter Estimation\wq_pipeline\artifacts\tolerance_1d\prepared\chips\train\sample_FI_00000992.npz,D:\Water Quality Parameter Estimation\wq_pipeline\artifacts\tolerance_1d\prepared\chips\train\sample_FI_00000992.png,ok,,S2B_MSIL2A_20241023T095029_R079_T34VFN_20241023T112106,2024-10-23,1,18.497606,72.5186875092467,0.0,256,128,0,0,9,"B02,B03,B04,B08"
FI_00000993,2024-10-22,60.66558908011945,23.292230275876104,D:\Water Quality Parameter Estimation\wq_pipeline\artifacts\tolerance_1d\prepared\chips\train\sample_FI_00000993.npz,D:\Water Quality Parameter Estimation\wq_pipeline\artifacts\tolerance_1d\prepared\chips\train\sample_FI_00000993.png,ok,,S2B_MSIL2A_20241023T095029_R079_T34VFN_20241023T112106,2024-10-23,1,18.497606,72.5186875092467,0.0,256,128,0,0,9,"B02,B03,B04,B08"
FI_00000994,2024-10-22,60.66558908011945,23.292230275876104,D:\Water Quality Parameter Estimation\wq_pipeline\artifacts\tolerance_1d\prepared\chips\train\sample_FI_00000994.npz,D:\Water Quality Parameter Estimation\wq_pipeline\artifacts\tolerance_1d\prepared\chips\train\sample_FI_00000994.png,ok,,S2B_MSIL2A_20241023T095029_R079_T34VFN_20241023T112106,2024-10-23,1,18.497606,72.5186875092467,0.0,256,128,0,0,9,"B02,B03,B04,B08"
FI_00000995,2024-10-22,60.66558908011945,23.292230275876104,D:\Water Quality Parameter Estimation\wq_pipeline\artifacts\tolerance_1d\prepared\chips\train\sample_FI_00000995.npz,D:\Water Quality Parameter Estimation\wq_pipeline\artifacts\tolerance_1d\prepared\chips\train\sample_FI_00000995.png,ok,,S2B_MSIL2A_20241023T095029_R079_T34VFN_20241023T112106,2024-10-23,1,18.497606,72.5186875092467,0.0,256,128,0,0,9,"B02,B03,B04,B08"
FI_00001020,2024-07-15,63.12479397420693,27.432628122752828,,,no_match,no_stac_item,,,,,,,256,128,0,0,0,"B02,B03,B04,B08"
FI_00001021,2024-07-15,63.12479397420693,27.432628122752828,,,no_match,no_stac_item,,,,,,,256,128,0,0,0,"B02,B03,B04,B08"
FI_00001022,2024-07-15,63.12479397420693,27.432628122752828,,,no_match,no_stac_item,,,,,,,256,128,0,0,0,"B02,B03,B04,B08"
FI_00001023,2024-07-15,63.12479397420693,27.432628122752828,,,no_match,no_stac_item,,,,,,,256,128,0,0,0,"B02,B03,B04,B08"
FI_00001024,2024-07-15,63.12479397420693,27.432628122752828,,,no_match,no_stac_item,,,,,,,256,128,0,0,0,"B02,B03,B04,B08"
FI_00001025,2024-07-15,63.12479397420693,27.432628122752828,,,no_match,no_stac_item,,,,,,,256,128,0,0,0,"B02,B03,B04,B08"
FI_00001032,2023-01-12,63.728776901271246,26.38240528354664,,,no_match,no_stac_item,,,,,,,256,128,0,0,0,"B02,B03,B04,B08"
FI_00001033,2023-01-12,63.728776901271246,26.38240528354664,,,no_match,no_stac_item,,,,,,,256,128,0,0,0,"B02,B03,B04,B08"
FI_00001034,2023-01-12,63.728776901271246,26.38240528354664,,,no_match,no_stac_item,,,,,,,256,128,0,0,0,"B02,B03,B04,B08"
FI_00001035,2023-01-12,63.728776901271246,26.38240528354664,,,no_match,no_stac_item,,,,,,,256,128,0,0,0,"B02,B03,B04,B08"
FI_00001036,2023-01-12,63.728776901271246,26.38240528354664,,,no_match,no_stac_item,,,,,,,256,128,0,0,0,"B02,B03,B04,B08"
FI_00001037,2023-01-12,63.728776901271246,26.38240528354664,,,no_match,no_stac_item,,,,,,,256,128,0,0,0,"B02,B03,B04,B08"
FI_00001038,2023-02-13,63.728776901271246,26.38240528354664,,,rejected,nodata_reject,S2A_MSIL2A_20230213T094111_R036_T35VML_20230213T181729,2023-02-13,0,28.785446,77.4489342377156,1.0,256,128,0,0,9,"B02,B03,B04,B08"
FI_00001039,2023-02-13,63.728776901271246,26.38240528354664,,,rejected,nodata_reject,S2A_MSIL2A_20230213T094111_R036_T35VML_20230213T181729,2023-02-13,0,28.785446,77.4489342377156,1.0,256,128,0,0,9,"B02,B03,B04,B08"
FI_00001040,2023-02-13,63.728776901271246,26.38240528354664,,,rejected,nodata_reject,S2A_MSIL2A_20230213T094111_R036_T35VML_20230213T181729,2023-02-13,0,28.785446,77.4489342377156,1.0,256,128,0,0,9,"B02,B03,B04,B08"
FI_00001041,2023-02-13,63.728776901271246,26.38240528354664,,,rejected,nodata_reject,S2A_MSIL2A_20230213T094111_R036_T35VML_20230213T181729,2023-02-13,0,28.785446,77.4489342377156,1.0,256,128,0,0,9,"B02,B03,B04,B08"
FI_00001042,2023-02-13,63.728776901271246,26.38240528354664,,,rejected,nodata_reject,S2A_MSIL2A_20230213T094111_R036_T35VML_20230213T181729,2023-02-13,0,28.785446,77.4489342377156,1.0,256,128,0,0,9,"B02,B03,B04,B08"
FI_00001043,2023-02-13,63.728776901271246,26.38240528354664,,,rejected,nodata_reject,S2A_MSIL2A_20230213T094111_R036_T35VML_20230213T181729,2023-02-13,0,28.785446,77.4489342377156,1.0,256,128,0,0,9,"B02,B03,B04,B08"
FI_00001050,2023-04-05,63.728776901271246,26.38240528354664,,,rejected,nodata_reject,S2A_MSIL2A_20230404T094031_R036_T35VML_20240825T224659,2023-04-04,1,26.227349,58.2328376586048,1.0,256,128,0,0,9,"B02,B03,B04,B08"
FI_00001051,2023-04-05,63.728776901271246,26.38240528354664,,,rejected,nodata_reject,S2A_MSIL2A_20230404T094031_R036_T35VML_20240825T224659,2023-04-04,1,26.227349,58.2328376586048,1.0,256,128,0,0,9,"B02,B03,B04,B08"
FI_00001052,2023-04-05,63.728776901271246,26.38240528354664,,,rejected,nodata_reject,S2A_MSIL2A_20230404T094031_R036_T35VML_20240825T224659,2023-04-04,1,26.227349,58.2328376586048,1.0,256,128,0,0,9,"B02,B03,B04,B08"
FI_00001053,2023-04-05,63.728776901271246,26.38240528354664,,,rejected,nodata_reject,S2A_MSIL2A_20230404T094031_R036_T35VML_20240825T224659,2023-04-04,1,26.227349,58.2328376586048,1.0,256,128,0,0,9,"B02,B03,B04,B08"
FI_00001054,2023-04-05,63.728776901271246,26.38240528354664,,,rejected,nodata_reject,S2A_MSIL2A_20230404T094031_R036_T35VML_20240825T224659,2023-04-04,1,26.227349,58.2328376586048,1.0,256,128,0,0,9,"B02,B03,B04,B08"
FI_00001055,2023-04-05,63.728776901271246,26.38240528354664,,,rejected,nodata_reject,S2A_MSIL2A_20230404T094031_R036_T35VML_20240825T224659,2023-04-04,1,26.227349,58.2328376586048,1.0,256,128,0,0,9,"B02,B03,B04,B08"
FI_00001056,2023-04-12,63.728776901271246,26.38240528354664,,,no_match,no_stac_item,,,,,,,256,128,0,0,0,"B02,B03,B04,B08"
FI_00001057,2023-04-12,63.728776901271246,26.38240528354664,,,no_match,no_stac_item,,,,,,,256,128,0,0,0,"B02,B03,B04,B08"
FI_00001058,2023-04-12,63.728776901271246,26.38240528354664,,,no_match,no_stac_item,,,,,,,256,128,0,0,0,"B02,B03,B04,B08"
FI_00001059,2023-04-12,63.728776901271246,26.38240528354664,,,no_match,no_stac_item,,,,,,,256,128,0,0,0,"B02,B03,B04,B08"
FI_00001060,2023-04-12,63.728776901271246,26.38240528354664,,,no_match,no_stac_item,,,,,,,256,128,0,0,0,"B02,B03,B04,B08"
FI_00001061,2023-04-12,63.728776901271246,26.38240528354664,,,no_match,no_stac_item,,,,,,,256,128,0,0,0,"B02,B03,B04,B08"
FI_00001062,2023-04-19,63.728776901271246,26.38240528354664,,,no_match,no_stac_item,,,,,,,256,128,0,0,0,"B02,B03,B04,B08"
FI_00001063,2023-04-19,63.728776901271246,26.38240528354664,,,no_match,no_stac_item,,,,,,,256,128,0,0,0,"B02,B03,B04,B08"
FI_00001064,2023-04-19,63.728776901271246,26.38240528354664,,,no_match,no_stac_item,,,,,,,256,128,0,0,0,"B02,B03,B04,B08"
FI_00001065,2023-04-19,63.728776901271246,26.38240528354664,,,no_match,no_stac_item,,,,,,,256,128,0,0,0,"B02,B03,B04,B08"
FI_00001066,2023-04-19,63.728776901271246,26.38240528354664,,,no_match,no_stac_item,,,,,,,256,128,0,0,0,"B02,B03,B04,B08"
FI_00001067,2023-04-19,63.728776901271246,26.38240528354664,,,no_match,no_stac_item,,,,,,,256,128,0,0,0,"B02,B03,B04,B08"
FI_00001068,2023-04-24,63.728776901271246,26.38240528354664,,,no_match,no_stac_item,,,,,,,256,128,0,0,0,"B02,B03,B04,B08"
FI_00001069,2023-04-24,63.728776901271246,26.38240528354664,,,no_match,no_stac_item,,,,,,,256,128,0,0,0,"B02,B03,B04,B08"
FI_00001070,2023-04-24,63.728776901271246,26.38240528354664,,,no_match,no_stac_item,,,,,,,256,128,0,0,0,"B02,B03,B04,B08"
FI_00001071,2023-04-24,63.728776901271246,26.38240528354664,,,no_match,no_stac_item,,,,,,,256,128,0,0,0,"B02,B03,B04,B08"
FI_00001072,2023-04-24,63.728776901271246,26.38240528354664,,,no_match,no_stac_item,,,,,,,256,128,0,0,0,"B02,B03,B04,B08"
FI_00001073,2023-04-24,63.728776901271246,26.38240528354664,,,no_match,no_stac_item,,,,,,,256,128,0,0,0,"B02,B03,B04,B08"
FI_00001080,2023-05-10,63.728776901271246,26.38240528354664,,,no_match,no_stac_item,,,,,,,256,128,0,0,0,"B02,B03,B04,B08"
FI_00001081,2023-05-10,63.728776901271246,26.38240528354664,,,no_match,no_stac_item,,,,,,,256,128,0,0,0,"B02,B03,B04,B08"
FI_00001082,2023-05-10,63.728776901271246,26.38240528354664,,,no_match,no_stac_item,,,,,,,256,128,0,0,0,"B02,B03,B04,B08"
FI_00001083,2023-05-10,63.728776901271246,26.38240528354664,,,no_match,no_stac_item,,,,,,,256,128,0,0,0,"B02,B03,B04,B08"
FI_00001084,2023-05-10,63.728776901271246,26.38240528354664,,,no_match,no_stac_item,,,,,,,256,128,0,0,0,"B02,B03,B04,B08"
FI_00001085,2023-05-10,63.728776901271246,26.38240528354664,,,no_match,no_stac_item,,,,,,,256,128,0,0,0,"B02,B03,B04,B08"
FI_00001086,2023-05-16,63.728776901271246,26.38240528354664,D:\Water Quality Parameter Estimation\wq_pipeline\artifacts\tolerance_1d\prepared\chips\train\sample_FI_00001086.npz,D:\Water Quality Parameter Estimation\wq_pipeline\artifacts\tolerance_1d\prepared\chips\train\sample_FI_00001086.png,ok,,S2B_MSIL2A_20230515T095559_R122_T35VML_20230515T161452,2023-05-15,1,20.801798,44.7050789030647,0.0,256,128,0,0,9,"B02,B03,B04,B08"
FI_00001087,2023-05-16,63.728776901271246,26.38240528354664,D:\Water Quality Parameter Estimation\wq_pipeline\artifacts\tolerance_1d\prepared\chips\train\sample_FI_00001087.npz,D:\Water Quality Parameter Estimation\wq_pipeline\artifacts\tolerance_1d\prepared\chips\train\sample_FI_00001087.png,ok,,S2B_MSIL2A_20230515T095559_R122_T35VML_20230515T161452,2023-05-15,1,20.801798,44.7050789030647,0.0,256,128,0,0,9,"B02,B03,B04,B08"
FI_00001088,2023-05-16,63.728776901271246,26.38240528354664,D:\Water Quality Parameter Estimation\wq_pipeline\artifacts\tolerance_1d\prepared\chips\train\sample_FI_00001088.npz,D:\Water Quality Parameter Estimation\wq_pipeline\artifacts\tolerance_1d\prepared\chips\train\sample_FI_00001088.png,ok,,S2B_MSIL2A_20230515T095559_R122_T35VML_20230515T161452,2023-05-15,1,20.801798,44.7050789030647,0.0,256,128,0,0,9,"B02,B03,B04,B08"
FI_00001089,2023-05-16,63.728776901271246,26.38240528354664,D:\Water Quality Parameter Estimation\wq_pipeline\artifacts\tolerance_1d\prepared\chips\train\sample_FI_00001089.npz,D:\Water Quality Parameter Estimation\wq_pipeline\artifacts\tolerance_1d\prepared\chips\train\sample_FI_00001089.png,ok,,S2B_MSIL2A_20230515T095559_R122_T35VML_20230515T161452,2023-05-15,1,20.801798,44.7050789030647,0.0,256,128,0,0,9,"B02,B03,B04,B08"
FI_00001090,2023-05-16,63.728776901271246,26.38240528354664,D:\Water Quality Parameter Estimation\wq_pipeline\artifacts\tolerance_1d\prepared\chips\train\sample_FI_00001090.npz,D:\Water Quality Parameter Estimation\wq_pipeline\artifacts\tolerance_1d\prepared\chips\train\sample_FI_00001090.png,ok,,S2B_MSIL2A_20230515T095559_R122_T35VML_20230515T161452,2023-05-15,1,20.801798,44.7050789030647,0.0,256,128,0,0,9,"B02,B03,B04,B08"
FI_00001091,2023-05-16,63.728776901271246,26.38240528354664,D:\Water Quality Parameter Estimation\wq_pipeline\artifacts\tolerance_1d\prepared\chips\train\sample_FI_00001091.npz,D:\Water Quality Parameter Estimation\wq_pipeline\artifacts\tolerance_1d\prepared\chips\train\sample_FI_00001091.png,ok,,S2B_MSIL2A_20230515T095559_R122_T35VML_20230515T161452,2023-05-15,1,20.801798,44.7050789030647,0.0,256,128,0,0,9,"B02,B03,B04,B08"
FI_00001092,2023-05-22,63.728776901271246,26.38240528354664,,,no_match,no_stac_item,,,,,,,256,128,0,0,0,"B02,B03,B04,B08"
FI_00001093,2023-05-22,63.728776901271246,26.38240528354664,,,no_match,no_stac_item,,,,,,,256,128,0,0,0,"B02,B03,B04,B08"
FI_00001094,2023-05-22,63.728776901271246,26.38240528354664,,,no_match,no_stac_item,,,,,,,256,128,0,0,0,"B02,B03,B04,B08"
FI_00001095,2023-05-22,63.728776901271246,26.38240528354664,,,no_match,no_stac_item,,,,,,,256,128,0,0,0,"B02,B03,B04,B08"
FI_00001096,2023-05-22,63.728776901271246,26.38240528354664,,,no_match,no_stac_item,,,,,,,256,128,0,0,0,"B02,B03,B04,B08"
FI_00001097,2023-05-22,63.728776901271246,26.38240528354664,,,no_match,no_stac_item,,,,,,,256,128,0,0,0,"B02,B03,B04,B08"
FI_00001098,2023-05-31,63.728776901271246,26.38240528354664,,,no_match,no_stac_item,,,,,,,256,128,0,0,0,"B02,B03,B04,B08"
FI_00001099,2023-05-31,63.728776901271246,26.38240528354664,,,no_match,no_stac_item,,,,,,,256,128,0,0,0,"B02,B03,B04,B08"
FI_00001100,2023-05-31,63.728776901271246,26.38240528354664,,,no_match,no_stac_item,,,,,,,256,128,0,0,0,"B02,B03,B04,B08"
FI_00001101,2023-05-31,63.728776901271246,26.38240528354664,,,no_match,no_stac_item,,,,,,,256,128,0,0,0,"B02,B03,B04,B08"
FI_00001102,2023-05-31,63.728776901271246,26.38240528354664,,,no_match,no_stac_item,,,,,,,256,128,0,0,0,"B02,B03,B04,B08"
FI_00001103,2023-05-31,63.728776901271246,26.38240528354664,,,no_match,no_stac_item,,,,,,,256,128,0,0,0,"B02,B03,B04,B08"
FI_00001104,2023-06-19,63.728776901271246,26.38240528354664,D:\Water Quality Parameter Estimation\wq_pipeline\artifacts\tolerance_1d\prepared\chips\train\sample_FI_00001104.npz,D:\Water Quality Parameter Estimation\wq_pipeline\artifacts\tolerance_1d\prepared\chips\train\sample_FI_00001104.png,ok,,S2A_MSIL2A_20230619T100031_R122_T35VML_20240911T192325,2023-06-19,0,6.327912,40.1794568873729,1.1444091796875e-05,256,128,0,0,9,"B02,B03,B04,B08"
FI_00001105,2023-06-19,63.728776901271246,26.38240528354664,D:\Water Quality Parameter Estimation\wq_pipeline\artifacts\tolerance_1d\prepared\chips\train\sample_FI_00001105.npz,D:\Water Quality Parameter Estimation\wq_pipeline\artifacts\tolerance_1d\prepared\chips\train\sample_FI_00001105.png,ok,,S2A_MSIL2A_20230619T100031_R122_T35VML_20240911T192325,2023-06-19,0,6.327912,40.1794568873729,1.1444091796875e-05,256,128,0,0,9,"B02,B03,B04,B08"
FI_00001106,2023-06-19,63.728776901271246,26.38240528354664,D:\Water Quality Parameter Estimation\wq_pipeline\artifacts\tolerance_1d\prepared\chips\train\sample_FI_00001106.npz,D:\Water Quality Parameter Estimation\wq_pipeline\artifacts\tolerance_1d\prepared\chips\train\sample_FI_00001106.png,ok,,S2A_MSIL2A_20230619T100031_R122_T35VML_20240911T192325,2023-06-19,0,6.327912,40.1794568873729,1.1444091796875e-05,256,128,0,0,9,"B02,B03,B04,B08"
FI_00001107,2023-06-19,63.728776901271246,26.38240528354664,D:\Water Quality Parameter Estimation\wq_pipeline\artifacts\tolerance_1d\prepared\chips\train\sample_FI_00001107.npz,D:\Water Quality Parameter Estimation\wq_pipeline\artifacts\tolerance_1d\prepared\chips\train\sample_FI_00001107.png,ok,,S2A_MSIL2A_20230619T100031_R122_T35VML_20240911T192325,2023-06-19,0,6.327912,40.1794568873729,1.1444091796875e-05,256,128,0,0,9,"B02,B03,B04,B08"
FI_00001108,2023-06-19,63.728776901271246,26.38240528354664,D:\Water Quality Parameter Estimation\wq_pipeline\artifacts\tolerance_1d\prepared\chips\train\sample_FI_00001108.npz,D:\Water Quality Parameter Estimation\wq_pipeline\artifacts\tolerance_1d\prepared\chips\train\sample_FI_00001108.png,ok,,S2A_MSIL2A_20230619T100031_R122_T35VML_20240911T192325,2023-06-19,0,6.327912,40.1794568873729,1.1444091796875e-05,256,128,0,0,9,"B02,B03,B04,B08"
FI_00001109,2023-06-19,63.728776901271246,26.38240528354664,D:\Water Quality Parameter Estimation\wq_pipeline\artifacts\tolerance_1d\prepared\chips\train\sample_FI_00001109.npz,D:\Water Quality Parameter Estimation\wq_pipeline\artifacts\tolerance_1d\prepared\chips\train\sample_FI_00001109.png,ok,,S2A_MSIL2A_20230619T100031_R122_T35VML_20240911T192325,2023-06-19,0,6.327912,40.1794568873729,1.1444091796875e-05,256,128,0,0,9,"B02,B03,B04,B08"
FI_00001110,2023-07-18,63.728776901271246,26.38240528354664,,,rejected,nodata_reject,S2B_MSIL2A_20230718T093549_R036_T35VML_20230718T141551,2023-07-18,0,36.944178,43.0059444510833,1.0,256,128,0,0,9,"B02,B03,B04,B08"
FI_00001111,2023-07-18,63.728776901271246,26.38240528354664,,,rejected,nodata_reject,S2B_MSIL2A_20230718T093549_R036_T35VML_20230718T141551,2023-07-18,0,36.944178,43.0059444510833,1.0,256,128,0,0,9,"B02,B03,B04,B08"
FI_00001112,2023-07-18,63.728776901271246,26.38240528354664,,,rejected,nodata_reject,S2B_MSIL2A_20230718T093549_R036_T35VML_20230718T141551,2023-07-18,0,36.944178,43.0059444510833,1.0,256,128,0,0,9,"B02,B03,B04,B08"
FI_00001113,2023-07-18,63.728776901271246,26.38240528354664,,,rejected,nodata_reject,S2B_MSIL2A_20230718T093549_R036_T35VML_20230718T141551,2023-07-18,0,36.944178,43.0059444510833,1.0,256,128,0,0,9,"B02,B03,B04,B08"
FI_00001114,2023-07-18,63.728776901271246,26.38240528354664,,,rejected,nodata_reject,S2B_MSIL2A_20230718T093549_R036_T35VML_20230718T141551,2023-07-18,0,36.944178,43.0059444510833,1.0,256,128,0,0,9,"B02,B03,B04,B08"
FI_00001115,2023-07-18,63.728776901271246,26.38240528354664,,,rejected,nodata_reject,S2B_MSIL2A_20230718T093549_R036_T35VML_20230718T141551,2023-07-18,0,36.944178,43.0059444510833,1.0,256,128,0,0,9,"B02,B03,B04,B08"
FI_00001122,2023-08-28,63.728776901271246,26.38240528354664,,,rejected,nodata_reject,S2B_MSIL2A_20230827T093549_R036_T35VML_20241023T223442,2023-08-27,1,23.752455,53.8005653234158,1.0,256,128,0,0,9,"B02,B03,B04,B08"
FI_00001123,2023-08-28,63.728776901271246,26.38240528354664,,,rejected,nodata_reject,S2B_MSIL2A_20230827T093549_R036_T35VML_20241023T223442,2023-08-27,1,23.752455,53.8005653234158,1.0,256,128,0,0,9,"B02,B03,B04,B08"
FI_00001124,2023-08-28,63.728776901271246,26.38240528354664,,,rejected,nodata_reject,S2B_MSIL2A_20230827T093549_R036_T35VML_20241023T223442,2023-08-27,1,23.752455,53.8005653234158,1.0,256,128,0,0,9,"B02,B03,B04,B08"
FI_00001125,2023-08-28,63.728776901271246,26.38240528354664,,,rejected,nodata_reject,S2B_MSIL2A_20230827T093549_R036_T35VML_20241023T223442,2023-08-27,1,23.752455,53.8005653234158,1.0,256,128,0,0,9,"B02,B03,B04,B08"
FI_00001126,2023-08-28,63.728776901271246,26.38240528354664,,,rejected,nodata_reject,S2B_MSIL2A_20230827T093549_R036_T35VML_20241023T223442,2023-08-27,1,23.752455,53.8005653234158,1.0,256,128,0,0,9,"B02,B03,B04,B08"
FI_00001127,2023-08-28,63.728776901271246,26.38240528354664,,,rejected,nodata_reject,S2B_MSIL2A_20230827T093549_R036_T35VML_20241023T223442,2023-08-27,1,23.752455,53.8005653234158,1.0,256,128,0,0,9,"B02,B03,B04,B08"
FI_00001128,2023-09-12,63.728776901271246,26.38240528354664,,,no_match,no_stac_item,,,,,,,256,128,0,0,0,"B02,B03,B04,B08"
FI_00001129,2023-09-12,63.728776901271246,26.38240528354664,,,no_match,no_stac_item,,,,,,,256,128,0,0,0,"B02,B03,B04,B08"
FI_00001130,2023-09-12,63.728776901271246,26.38240528354664,,,no_match,no_stac_item,,,,,,,256,128,0,0,0,"B02,B03,B04,B08"
FI_00001131,2023-09-12,63.728776901271246,26.38240528354664,,,no_match,no_stac_item,,,,,,,256,128,0,0,0,"B02,B03,B04,B08"
FI_00001132,2023-09-12,63.728776901271246,26.38240528354664,,,no_match,no_stac_item,,,,,,,256,128,0,0,0,"B02,B03,B04,B08"
FI_00001133,2023-09-12,63.728776901271246,26.38240528354664,,,no_match,no_stac_item,,,,,,,256,128,0,0,0,"B02,B03,B04,B08"
FI_00001140,2023-10-09,63.728776901271246,26.38240528354664,,,no_match,no_stac_item,,,,,,,256,128,0,0,0,"B02,B03,B04,B08"
FI_00001141,2023-10-09,63.728776901271246,26.38240528354664,,,no_match,no_stac_item,,,,,,,256,128,0,0,0,"B02,B03,B04,B08"
FI_00001142,2023-10-09,63.728776901271246,26.38240528354664,,,no_match,no_stac_item,,,,,,,256,128,0,0,0,"B02,B03,B04,B08"
FI_00001143,2023-10-09,63.728776901271246,26.38240528354664,,,no_match,no_stac_item,,,,,,,256,128,0,0,0,"B02,B03,B04,B08"
FI_00001144,2023-10-09,63.728776901271246,26.38240528354664,,,no_match,no_stac_item,,,,,,,256,128,0,0,0,"B02,B03,B04,B08"
FI_00001145,2023-10-09,63.728776901271246,26.38240528354664,,,no_match,no_stac_item,,,,,,,256,128,0,0,0,"B02,B03,B04,B08"
FI_00001152,2023-11-08,63.728776901271246,26.38240528354664,,,no_match,no_stac_item,,,,,,,256,128,0,0,0,"B02,B03,B04,B08"
FI_00001153,2023-11-08,63.728776901271246,26.38240528354664,,,no_match,no_stac_item,,,,,,,256,128,0,0,0,"B02,B03,B04,B08"
FI_00001154,2023-11-08,63.728776901271246,26.38240528354664,,,no_match,no_stac_item,,,,,,,256,128,0,0,0,"B02,B03,B04,B08"
FI_00001155,2023-11-08,63.728776901271246,26.38240528354664,,,no_match,no_stac_item,,,,,,,256,128,0,0,0,"B02,B03,B04,B08"
FI_00001156,2023-11-08,63.728776901271246,26.38240528354664,,,no_match,no_stac_item,,,,,,,256,128,0,0,0,"B02,B03,B04,B08"
FI_00001157,2023-11-08,63.728776901271246,26.38240528354664,,,no_match,no_stac_item,,,,,,,256,128,0,0,0,"B02,B03,B04,B08"
FI_00001158,2023-11-22,63.728776901271246,26.38240528354664,,,no_match,no_stac_item,,,,,,,256,128,0,0,0,"B02,B03,B04,B08"
FI_00001159,2023-11-22,63.728776901271246,26.38240528354664,,,no_match,no_stac_item,,,,,,,256,128,0,0,0,"B02,B03,B04,B08"
FI_00001160,2023-11-22,63.728776901271246,26.38240528354664,,,no_match,no_stac_item,,,,,,,256,128,0,0,0,"B02,B03,B04,B08"
FI_00001161,2023-11-22,63.728776901271246,26.38240528354664,,,no_match,no_stac_item,,,,,,,256,128,0,0,0,"B02,B03,B04,B08"
FI_00001162,2023-11-22,63.728776901271246,26.38240528354664,,,no_match,no_stac_item,,,,,,,256,128,0,0,0,"B02,B03,B04,B08"
FI_00001163,2023-11-22,63.728776901271246,26.38240528354664,,,no_match,no_stac_item,,,,,,,256,128,0,0,0,"B02,B03,B04,B08"
FI_00001176,2024-02-14,63.728776901271246,26.38240528354664,,,rejected,nodata_reject,S2B_MSIL2A_20240213T094029_R036_T35VML_20240213T121531,2024-02-13,1,2.968079,77.526763292578,1.0,256,128,0,0,9,"B02,B03,B04,B08"
FI_00001177,2024-02-14,63.728776901271246,26.38240528354664,,,rejected,nodata_reject,S2B_MSIL2A_20240213T094029_R036_T35VML_20240213T121531,2024-02-13,1,2.968079,77.526763292578,1.0,256,128,0,0,9,"B02,B03,B04,B08"
FI_00001178,2024-02-14,63.728776901271246,26.38240528354664,,,rejected,nodata_reject,S2B_MSIL2A_20240213T094029_R036_T35VML_20240213T121531,2024-02-13,1,2.968079,77.526763292578,1.0,256,128,0,0,9,"B02,B03,B04,B08"
FI_00001179,2024-02-14,63.728776901271246,26.38240528354664,,,rejected,nodata_reject,S2B_MSIL2A_20240213T094029_R036_T35VML_20240213T121531,2024-02-13,1,2.968079,77.526763292578,1.0,256,128,0,0,9,"B02,B03,B04,B08"
FI_00001180,2024-02-14,63.728776901271246,26.38240528354664,,,rejected,nodata_reject,S2B_MSIL2A_20240213T094029_R036_T35VML_20240213T121531,2024-02-13,1,2.968079,77.526763292578,1.0,256,128,0,0,9,"B02,B03,B04,B08"
FI_00001181,2024-02-14,63.728776901271246,26.38240528354664,,,rejected,nodata_reject,S2B_MSIL2A_20240213T094029_R036_T35VML_20240213T121531,2024-02-13,1,2.968079,77.526763292578,1.0,256,128,0,0,9,"B02,B03,B04,B08"
FI_00001182,2024-03-11,63.728776901271246,26.38240528354664,D:\Water Quality Parameter Estimation\wq_pipeline\artifacts\tolerance_1d\prepared\chips\train\sample_FI_00001182.npz,D:\Water Quality Parameter Estimation\wq_pipeline\artifacts\tolerance_1d\prepared\chips\train\sample_FI_00001182.png,ok,,S2A_MSIL2A_20240312T095031_R079_T35VML_20240313T155112,2024-03-12,1,0.757496,66.8568301258194,1.9073486328125e-05,256,128,0,0,9,"B02,B03,B04,B08"
FI_00001183,2024-03-11,63.728776901271246,26.38240528354664,D:\Water Quality Parameter Estimation\wq_pipeline\artifacts\tolerance_1d\prepared\chips\train\sample_FI_00001183.npz,D:\Water Quality Parameter Estimation\wq_pipeline\artifacts\tolerance_1d\prepared\chips\train\sample_FI_00001183.png,ok,,S2A_MSIL2A_20240312T095031_R079_T35VML_20240313T155112,2024-03-12,1,0.757496,66.8568301258194,1.9073486328125e-05,256,128,0,0,9,"B02,B03,B04,B08"
FI_00001184,2024-03-11,63.728776901271246,26.38240528354664,D:\Water Quality Parameter Estimation\wq_pipeline\artifacts\tolerance_1d\prepared\chips\train\sample_FI_00001184.npz,D:\Water Quality Parameter Estimation\wq_pipeline\artifacts\tolerance_1d\prepared\chips\train\sample_FI_00001184.png,ok,,S2A_MSIL2A_20240312T095031_R079_T35VML_20240313T155112,2024-03-12,1,0.757496,66.8568301258194,1.9073486328125e-05,256,128,0,0,9,"B02,B03,B04,B08"
FI_00001185,2024-03-11,63.728776901271246,26.38240528354664,D:\Water Quality Parameter Estimation\wq_pipeline\artifacts\tolerance_1d\prepared\chips\train\sample_FI_00001185.npz,D:\Water Quality Parameter Estimation\wq_pipeline\artifacts\tolerance_1d\prepared\chips\train\sample_FI_00001185.png,ok,,S2A_MSIL2A_20240312T095031_R079_T35VML_20240313T155112,2024-03-12,1,0.757496,66.8568301258194,1.9073486328125e-05,256,128,0,0,9,"B02,B03,B04,B08"
FI_00001186,2024-03-11,63.728776901271246,26.38240528354664,D:\Water Quality Parameter Estimation\wq_pipeline\artifacts\tolerance_1d\prepared\chips\train\sample_FI_00001186.npz,D:\Water Quality Parameter Estimation\wq_pipeline\artifacts\tolerance_1d\prepared\chips\train\sample_FI_00001186.png,ok,,S2A_MSIL2A_20240312T095031_R079_T35VML_20240313T155112,2024-03-12,1,0.757496,66.8568301258194,1.9073486328125e-05,256,128,0,0,9,"B02,B03,B04,B08"
FI_00001187,2024-03-11,63.728776901271246,26.38240528354664,D:\Water Quality Parameter Estimation\wq_pipeline\artifacts\tolerance_1d\prepared\chips\train\sample_FI_00001187.npz,D:\Water Quality Parameter Estimation\wq_pipeline\artifacts\tolerance_1d\prepared\chips\train\sample_FI_00001187.png,ok,,S2A_MSIL2A_20240312T095031_R079_T35VML_20240313T155112,2024-03-12,1,0.757496,66.8568301258194,1.9073486328125e-05,256,128,0,0,9,"B02,B03,B04,B08"
FI_00001194,2024-04-09,63.728776901271246,26.38240528354664,D:\Water Quality Parameter Estimation\wq_pipeline\artifacts\tolerance_1d\prepared\chips\train\sample_FI_00001194.npz,D:\Water Quality Parameter Estimation\wq_pipeline\artifacts\tolerance_1d\prepared\chips\train\sample_FI_00001194.png,ok,,S2B_MSIL2A_20240409T095549_R122_T35VML_20240411T002152,2024-04-09,0,39.579254,55.754770763297,1.1444091796875e-05,256,128,0,0,9,"B02,B03,B04,B08"
FI_00001195,2024-04-09,63.728776901271246,26.38240528354664,D:\Water Quality Parameter Estimation\wq_pipeline\artifacts\tolerance_1d\prepared\chips\train\sample_FI_00001195.npz,D:\Water Quality Parameter Estimation\wq_pipeline\artifacts\tolerance_1d\prepared\chips\train\sample_FI_00001195.png,ok,,S2B_MSIL2A_20240409T095549_R122_T35VML_20240411T002152,2024-04-09,0,39.579254,55.754770763297,1.1444091796875e-05,256,128,0,0,9,"B02,B03,B04,B08"
FI_00001196,2024-04-09,63.728776901271246,26.38240528354664,D:\Water Quality Parameter Estimation\wq_pipeline\artifacts\tolerance_1d\prepared\chips\train\sample_FI_00001196.npz,D:\Water Quality Parameter Estimation\wq_pipeline\artifacts\tolerance_1d\prepared\chips\train\sample_FI_00001196.png,ok,,S2B_MSIL2A_20240409T095549_R122_T35VML_20240411T002152,2024-04-09,0,39.579254,55.754770763297,1.1444091796875e-05,256,128,0,0,9,"B02,B03,B04,B08"
FI_00001197,2024-04-09,63.728776901271246,26.38240528354664,D:\Water Quality Parameter Estimation\wq_pipeline\artifacts\tolerance_1d\prepared\chips\train\sample_FI_00001197.npz,D:\Water Quality Parameter Estimation\wq_pipeline\artifacts\tolerance_1d\prepared\chips\train\sample_FI_00001197.png,ok,,S2B_MSIL2A_20240409T095549_R122_T35VML_20240411T002152,2024-04-09,0,39.579254,55.754770763297,1.1444091796875e-05,256,128,0,0,9,"B02,B03,B04,B08"
FI_00001198,2024-04-09,63.728776901271246,26.38240528354664,D:\Water Quality Parameter Estimation\wq_pipeline\artifacts\tolerance_1d\prepared\chips\train\sample_FI_00001198.npz,D:\Water Quality Parameter Estimation\wq_pipeline\artifacts\tolerance_1d\prepared\chips\train\sample_FI_00001198.png,ok,,S2B_MSIL2A_20240409T095549_R122_T35VML_20240411T002152,2024-04-09,0,39.579254,55.754770763297,1.1444091796875e-05,256,128,0,0,9,"B02,B03,B04,B08"
FI_00001199,2024-04-09,63.728776901271246,26.38240528354664,D:\Water Quality Parameter Estimation\wq_pipeline\artifacts\tolerance_1d\prepared\chips\train\sample_FI_00001199.npz,D:\Water Quality Parameter Estimation\wq_pipeline\artifacts\tolerance_1d\prepared\chips\train\sample_FI_00001199.png,ok,,S2B_MSIL2A_20240409T095549_R122_T35VML_20240411T002152,2024-04-09,0,39.579254,55.754770763297,1.1444091796875e-05,256,128,0,0,9,"B02,B03,B04,B08"
FI_00001200,2024-04-17,63.728776901271246,26.38240528354664,,,rejected,nodata_reject,S2A_MSIL2A_20240418T094031_R036_T35VML_20240418T141439,2024-04-18,1,16.715536,52.7714701357793,1.0,256,128,0,0,9,"B02,B03,B04,B08"
FI_00001201,2024-04-17,63.728776901271246,26.38240528354664,,,rejected,nodata_reject,S2A_MSIL2A_20240418T094031_R036_T35VML_20240418T141439,2024-04-18,1,16.715536,52.7714701357793,1.0,256,128,0,0,9,"B02,B03,B04,B08"
FI_00001202,2024-04-17,63.728776901271246,26.38240528354664,,,rejected,nodata_reject,S2A_MSIL2A_20240418T094031_R036_T35VML_20240418T141439,2024-04-18,1,16.715536,52.7714701357793,1.0,256,128,0,0,9,"B02,B03,B04,B08"
FI_00001203,2024-04-17,63.728776901271246,26.38240528354664,,,rejected,nodata_reject,S2A_MSIL2A_20240418T094031_R036_T35VML_20240418T141439,2024-04-18,1,16.715536,52.7714701357793,1.0,256,128,0,0,9,"B02,B03,B04,B08"
FI_00001204,2024-04-17,63.728776901271246,26.38240528354664,,,rejected,nodata_reject,S2A_MSIL2A_20240418T094031_R036_T35VML_20240418T141439,2024-04-18,1,16.715536,52.7714701357793,1.0,256,128,0,0,9,"B02,B03,B04,B08"
FI_00001205,2024-04-17,63.728776901271246,26.38240528354664,,,rejected,nodata_reject,S2A_MSIL2A_20240418T094031_R036_T35VML_20240418T141439,2024-04-18,1,16.715536,52.7714701357793,1.0,256,128,0,0,9,"B02,B03,B04,B08"
FI_00001206,2024-04-22,63.728776901271246,26.38240528354664,,,no_match,no_stac_item,,,,,,,256,128,0,0,0,"B02,B03,B04,B08"
FI_00001207,2024-04-22,63.728776901271246,26.38240528354664,,,no_match,no_stac_item,,,,,,,256,128,0,0,0,"B02,B03,B04,B08"
FI_00001208,2024-04-22,63.728776901271246,26.38240528354664,,,no_match,no_stac_item,,,,,,,256,128,0,0,0,"B02,B03,B04,B08"
FI_00001209,2024-04-22,63.728776901271246,26.38240528354664,,,no_match,no_stac_item,,,,,,,256,128,0,0,0,"B02,B03,B04,B08"
FI_00001210,2024-04-22,63.728776901271246,26.38240528354664,,,no_match,no_stac_item,,,,,,,256,128,0,0,0,"B02,B03,B04,B08"
FI_00001211,2024-04-22,63.728776901271246,26.38240528354664,,,no_match,no_stac_item,,,,,,,256,128,0,0,0,"B02,B03,B04,B08"
FI_00001224,2024-05-15,63.728776901271246,26.38240528354664,,,no_match,no_stac_item,,,,,,,256,128,0,0,0,"B02,B03,B04,B08"
FI_00001225,2024-05-15,63.728776901271246,26.38240528354664,,,no_match,no_stac_item,,,,,,,256,128,0,0,0,"B02,B03,B04,B08"
FI_00001226,2024-05-15,63.728776901271246,26.38240528354664,,,no_match,no_stac_item,,,,,,,256,128,0,0,0,"B02,B03,B04,B08"
FI_00001227,2024-05-15,63.728776901271246,26.38240528354664,,,no_match,no_stac_item,,,,,,,256,128,0,0,0,"B02,B03,B04,B08"
FI_00001228,2024-05-15,63.728776901271246,26.38240528354664,,,no_match,no_stac_item,,,,,,,256,128,0,0,0,"B02,B03,B04,B08"
FI_00001229,2024-05-15,63.728776901271246,26.38240528354664,,,no_match,no_stac_item,,,,,,,256,128,0,0,0,"B02,B03,B04,B08"
FI_00001236,2024-05-27,63.728776901271246,26.38240528354664,,,rejected,nodata_reject,S2A_MSIL2A_20240528T094031_R036_T35VML_20240528T141609,2024-05-28,1,12.870567,42.2666289049258,1.0,256,128,0,0,9,"B02,B03,B04,B08"
FI_00001237,2024-05-27,63.728776901271246,26.38240528354664,,,rejected,nodata_reject,S2A_MSIL2A_20240528T094031_R036_T35VML_20240528T141609,2024-05-28,1,12.870567,42.2666289049258,1.0,256,128,0,0,9,"B02,B03,B04,B08"
FI_00001238,2024-05-27,63.728776901271246,26.38240528354664,,,rejected,nodata_reject,S2A_MSIL2A_20240528T094031_R036_T35VML_20240528T141609,2024-05-28,1,12.870567,42.2666289049258,1.0,256,128,0,0,9,"B02,B03,B04,B08"
FI_00001239,2024-05-27,63.728776901271246,26.38240528354664,,,rejected,nodata_reject,S2A_MSIL2A_20240528T094031_R036_T35VML_20240528T141609,2024-05-28,1,12.870567,42.2666289049258,1.0,256,128,0,0,9,"B02,B03,B04,B08"
FI_00001240,2024-05-27,63.728776901271246,26.38240528354664,,,rejected,nodata_reject,S2A_MSIL2A_20240528T094031_R036_T35VML_20240528T141609,2024-05-28,1,12.870567,42.2666289049258,1.0,256,128,0,0,9,"B02,B03,B04,B08"
FI_00001241,2024-05-27,63.728776901271246,26.38240528354664,,,rejected,nodata_reject,S2A_MSIL2A_20240528T094031_R036_T35VML_20240528T141609,2024-05-28,1,12.870567,42.2666289049258,1.0,256,128,0,0,9,"B02,B03,B04,B08"
FI_00001242,2024-06-19,63.728776901271246,26.38240528354664,,,no_match,no_stac_item,,,,,,,256,128,0,0,0,"B02,B03,B04,B08"
FI_00001243,2024-06-19,63.728776901271246,26.38240528354664,,,no_match,no_stac_item,,,,,,,256,128,0,0,0,"B02,B03,B04,B08"
FI_00001244,2024-06-19,63.728776901271246,26.38240528354664,,,no_match,no_stac_item,,,,,,,256,128,0,0,0,"B02,B03,B04,B08"
FI_00001245,2024-06-19,63.728776901271246,26.38240528354664,,,no_match,no_stac_item,,,,,,,256,128,0,0,0,"B02,B03,B04,B08"
FI_00001246,2024-06-19,63.728776901271246,26.38240528354664,,,no_match,no_stac_item,,,,,,,256,128,0,0,0,"B02,B03,B04,B08"
FI_00001247,2024-06-19,63.728776901271246,26.38240528354664,,,no_match,no_stac_item,,,,,,,256,128,0,0,0,"B02,B03,B04,B08"
FI_00001248,2024-07-16,63.728776901271246,26.38240528354664,,,no_match,no_stac_item,,,,,,,256,128,0,0,0,"B02,B03,B04,B08"
FI_00001249,2024-07-16,63.728776901271246,26.38240528354664,,,no_match,no_stac_item,,,,,,,256,128,0,0,0,"B02,B03,B04,B08"
FI_00001250,2024-07-16,63.728776901271246,26.38240528354664,,,no_match,no_stac_item,,,,,,,256,128,0,0,0,"B02,B03,B04,B08"
FI_00001251,2024-07-16,63.728776901271246,26.38240528354664,,,no_match,no_stac_item,,,,,,,256,128,0,0,0,"B02,B03,B04,B08"
FI_00001252,2024-07-16,63.728776901271246,26.38240528354664,,,no_match,no_stac_item,,,,,,,256,128,0,0,0,"B02,B03,B04,B08"
FI_00001253,2024-07-16,63.728776901271246,26.38240528354664,,,no_match,no_stac_item,,,,,,,256,128,0,0,0,"B02,B03,B04,B08"
FI_00001254,2024-08-07,63.728776901271246,26.38240528354664,D:\Water Quality Parameter Estimation\wq_pipeline\artifacts\tolerance_1d\prepared\chips\train\sample_FI_00001254.npz,D:\Water Quality Parameter Estimation\wq_pipeline\artifacts\tolerance_1d\prepared\chips\train\sample_FI_00001254.png,ok,,S2B_MSIL2A_20240807T095549_R122_T35VML_20240807T132638,2024-08-07,0,0.081528,47.4234474647452,0.0,256,128,0,0,9,"B02,B03,B04,B08"
FI_00001255,2024-08-07,63.728776901271246,26.38240528354664,D:\Water Quality Parameter Estimation\wq_pipeline\artifacts\tolerance_1d\prepared\chips\train\sample_FI_00001255.npz,D:\Water Quality Parameter Estimation\wq_pipeline\artifacts\tolerance_1d\prepared\chips\train\sample_FI_00001255.png,ok,,S2B_MSIL2A_20240807T095549_R122_T35VML_20240807T132638,2024-08-07,0,0.081528,47.4234474647452,0.0,256,128,0,0,9,"B02,B03,B04,B08"
FI_00001256,2024-08-07,63.728776901271246,26.38240528354664,D:\Water Quality Parameter Estimation\wq_pipeline\artifacts\tolerance_1d\prepared\chips\train\sample_FI_00001256.npz,D:\Water Quality Parameter Estimation\wq_pipeline\artifacts\tolerance_1d\prepared\chips\train\sample_FI_00001256.png,ok,,S2B_MSIL2A_20240807T095549_R122_T35VML_20240807T132638,2024-08-07,0,0.081528,47.4234474647452,0.0,256,128,0,0,9,"B02,B03,B04,B08"
FI_00001257,2024-08-07,63.728776901271246,26.38240528354664,D:\Water Quality Parameter Estimation\wq_pipeline\artifacts\tolerance_1d\prepared\chips\train\sample_FI_00001257.npz,D:\Water Quality Parameter Estimation\wq_pipeline\artifacts\tolerance_1d\prepared\chips\train\sample_FI_00001257.png,ok,,S2B_MSIL2A_20240807T095549_R122_T35VML_20240807T132638,2024-08-07,0,0.081528,47.4234474647452,0.0,256,128,0,0,9,"B02,B03,B04,B08"
FI_00001258,2024-08-07,63.728776901271246,26.38240528354664,D:\Water Quality Parameter Estimation\wq_pipeline\artifacts\tolerance_1d\prepared\chips\train\sample_FI_00001258.npz,D:\Water Quality Parameter Estimation\wq_pipeline\artifacts\tolerance_1d\prepared\chips\train\sample_FI_00001258.png,ok,,S2B_MSIL2A_20240807T095549_R122_T35VML_20240807T132638,2024-08-07,0,0.081528,47.4234474647452,0.0,256,128,0,0,9,"B02,B03,B04,B08"
FI_00001259,2024-08-07,63.728776901271246,26.38240528354664,D:\Water Quality Parameter Estimation\wq_pipeline\artifacts\tolerance_1d\prepared\chips\train\sample_FI_00001259.npz,D:\Water Quality Parameter Estimation\wq_pipeline\artifacts\tolerance_1d\prepared\chips\train\sample_FI_00001259.png,ok,,S2B_MSIL2A_20240807T095549_R122_T35VML_20240807T132638,2024-08-07,0,0.081528,47.4234474647452,0.0,256,128,0,0,9,"B02,B03,B04,B08"
FI_00001260,2024-08-28,63.728776901271246,26.38240528354664,,,no_match,no_stac_item,,,,,,,256,128,0,0,0,"B02,B03,B04,B08"
FI_00001261,2024-08-28,63.728776901271246,26.38240528354664,,,no_match,no_stac_item,,,,,,,256,128,0,0,0,"B02,B03,B04,B08"
FI_00001262,2024-08-28,63.728776901271246,26.38240528354664,,,no_match,no_stac_item,,,,,,,256,128,0,0,0,"B02,B03,B04,B08"
FI_00001263,2024-08-28,63.728776901271246,26.38240528354664,,,no_match,no_stac_item,,,,,,,256,128,0,0,0,"B02,B03,B04,B08"
FI_00001264,2024-08-28,63.728776901271246,26.38240528354664,,,no_match,no_stac_item,,,,,,,256,128,0,0,0,"B02,B03,B04,B08"
FI_00001265,2024-08-28,63.728776901271246,26.38240528354664,,,no_match,no_stac_item,,,,,,,256,128,0,0,0,"B02,B03,B04,B08"
FI_00001266,2024-09-12,63.728776901271246,26.38240528354664,,,no_match,no_stac_item,,,,,,,256,128,0,0,0,"B02,B03,B04,B08"
FI_00001267,2024-09-12,63.728776901271246,26.38240528354664,,,no_match,no_stac_item,,,,,,,256,128,0,0,0,"B02,B03,B04,B08"
FI_00001268,2024-09-12,63.728776901271246,26.38240528354664,,,no_match,no_stac_item,,,,,,,256,128,0,0,0,"B02,B03,B04,B08"
FI_00001269,2024-09-12,63.728776901271246,26.38240528354664,,,no_match,no_stac_item,,,,,,,256,128,0,0,0,"B02,B03,B04,B08"
FI_00001270,2024-09-12,63.728776901271246,26.38240528354664,,,no_match,no_stac_item,,,,,,,256,128,0,0,0,"B02,B03,B04,B08"
FI_00001271,2024-09-12,63.728776901271246,26.38240528354664,,,no_match,no_stac_item,,,,,,,256,128,0,0,0,"B02,B03,B04,B08"
FI_00001278,2024-10-08,63.728776901271246,26.38240528354664,,,no_match,no_stac_item,,,,,,,256,128,0,0,0,"B02,B03,B04,B08"
FI_00001279,2024-10-08,63.728776901271246,26.38240528354664,,,no_match,no_stac_item,,,,,,,256,128,0,0,0,"B02,B03,B04,B08"
FI_00001280,2024-10-08,63.728776901271246,26.38240528354664,,,no_match,no_stac_item,,,,,,,256,128,0,0,0,"B02,B03,B04,B08"
FI_00001281,2024-10-08,63.728776901271246,26.38240528354664,,,no_match,no_stac_item,,,,,,,256,128,0,0,0,"B02,B03,B04,B08"
FI_00001282,2024-10-08,63.728776901271246,26.38240528354664,,,no_match,no_stac_item,,,,,,,256,128,0,0,0,"B02,B03,B04,B08"
FI_00001283,2024-10-08,63.728776901271246,26.38240528354664,,,no_match,no_stac_item,,,,,,,256,128,0,0,0,"B02,B03,B04,B08"
FI_00001290,2024-11-04,63.728776901271246,26.38240528354664,,,no_match,no_stac_item,,,,,,,256,128,0,0,0,"B02,B03,B04,B08"
FI_00001291,2024-11-04,63.728776901271246,26.38240528354664,,,no_match,no_stac_item,,,,,,,256,128,0,0,0,"B02,B03,B04,B08"
FI_00001292,2024-11-04,63.728776901271246,26.38240528354664,,,no_match,no_stac_item,,,,,,,256,128,0,0,0,"B02,B03,B04,B08"
FI_00001293,2024-11-04,63.728776901271246,26.38240528354664,,,no_match,no_stac_item,,,,,,,256,128,0,0,0,"B02,B03,B04,B08"
FI_00001294,2024-11-04,63.728776901271246,26.38240528354664,,,no_match,no_stac_item,,,,,,,256,128,0,0,0,"B02,B03,B04,B08"
FI_00001295,2024-11-04,63.728776901271246,26.38240528354664,,,no_match,no_stac_item,,,,,,,256,128,0,0,0,"B02,B03,B04,B08"
FI_00001296,2024-11-18,63.728776901271246,26.38240528354664,,,no_match,no_stac_item,,,,,,,256,128,0,0,0,"B02,B03,B04,B08"
FI_00001297,2024-11-18,63.728776901271246,26.38240528354664,,,no_match,no_stac_item,,,,,,,256,128,0,0,0,"B02,B03,B04,B08"
FI_00001298,2024-11-18,63.728776901271246,26.38240528354664,,,no_match,no_stac_item,,,,,,,256,128,0,0,0,"B02,B03,B04,B08"
FI_00001299,2024-11-18,63.728776901271246,26.38240528354664,,,no_match,no_stac_item,,,,,,,256,128,0,0,0,"B02,B03,B04,B08"
FI_00001300,2024-11-18,63.728776901271246,26.38240528354664,,,no_match,no_stac_item,,,,,,,256,128,0,0,0,"B02,B03,B04,B08"
FI_00001301,2024-11-18,63.728776901271246,26.38240528354664,,,no_match,no_stac_item,,,,,,,256,128,0,0,0,"B02,B03,B04,B08"
