s2_mgrs_tile,station_count,min_station_lon,min_station_lat,max_station_lon,max_station_lat,tile_min_lon,tile_min_lat,tile_max_lon,tile_max_lat,bbox_source,bbox_adjusted_with_station_extent,station_share_pct,chl_a_mean,chl_a_median,chl_a_min,chl_a_max,chl_a_non_null_count
34VEN,4494,21.67536111041876,60.4618305193562,22.692515752118908,61.21917974736993,21.0,60.43627719470041,22.86796446359873,61.3212339093697,mgrs,False,23.182,8.466666666666667,8.2,3.2000000000000006,14.0,18
35VLG,2070,24.040244014001765,59.98305190483926,24.99163119966104,60.34327199678209,23.46739795948797,59.49062559948277,25.183711134306066,60.423889574309726,mgrs,False,10.678,5.21,3.6000000000000005,1.0,14.0,60
34VFM,1644,23.07620080159525,59.89158065181677,23.800350318892683,60.391251055282986,22.76776536569303,59.5264083044755,24.629322571802717,60.38679831463247,mgrs,False,8.48,4.11923076923077,2.55,1.0,28.0,156
34VEQ,1332,21.03309093511549,62.236475350019816,22.913934038016272,63.09257147055156,21.0,62.23177006416561,22.982281584543127,63.11548117710186,mgrs,False,6.871,7.941666666666666,5.65,2.7000000000000006,15.0,72
35VNL,966,27.9085881261785,63.76207520998143,28.651557554566008,63.95983506997912,27.0,63.12933971180665,29.045633484087084,64.01238381829789,mgrs,False,4.983,,,,,0
34VFP,762,23.10493876617303,61.450897029013866,23.75740009805748,62.10028728574886,22.867983665869044,61.321242625339345,24.8425454098674,62.178491682283465,mgrs,False,3.931,6.9363636363636365,7.25,1.2,17.0,132
35WMP,678,26.07778400019568,66.1432103908584,26.16056580356087,66.44949633706041,24.81297180621321,65.80575138896783,26.999977327382595,66.7184925276686,mgrs,False,3.497,,,,,0
35WLR,630,24.15537748601056,68.00030802831975,24.286764769021293,68.02671145063097,22.303620523750173,67.54752820870395,24.555091140247825,68.49463668573546,mgrs,False,3.25,,,,,0
35WNM,576,28.09077147085913,64.04415443252257,28.616499757968,64.70460493641164,27.0,64.02679492141058,29.113700980708423,64.90913809710288,mgrs,False,2.971,,,,,0
35VNH,498,27.90019461609265,60.65688838242908,28.56703697930222,60.95454402242739,27.0,60.43627719470041,28.867964463598724,61.3212339093697,mgrs,False,2.569,21.41190476190476,7.9,1.0,94.0,252
35VLJ,474,24.343871221307204,61.66219093881418,24.50354465057094,62.01432991571751,23.267540578327285,61.28276736525582,25.076770504416686,62.21843049936496,mgrs,False,2.445,18.0625,18.5,12.0,26.0,48
35WNP,474,27.69154213502646,65.81950728014465,27.803546735785982,66.55064756038101,27.0,65.82137295028103,29.26614898949047,66.70219593478981,mgrs,False,2.445,,,,,0
34VEP,462,21.444934092488445,61.32881890298074,22.84736982194477,62.22646380493697,21.0,61.3340833851585,22.923191057132314,62.2184310324064,mgrs,False,2.383,5.5,6.099999999999999,1.0,9.4,18
35VMG,408,25.35316693838677,60.187463737944896,26.146652021858387,60.39368326035263,25.23223463430697,59.5264083044755,26.999981831946567,60.43626821603171,mgrs,False,2.105,5.51025641025641,2.3,1.0,43.0,234
34VFN,372,22.995606941623222,60.58539050009426,23.98224981559096,61.289784616721015,22.816271214282633,60.42389879597834,24.732439741031843,61.28275891930888,mgrs,False,1.919,15.333333333333334,7.949999999999999,1.8,84.0,72
34VER,354,22.981608612865383,63.61923752338727,22.99828500309974,63.62359803479845,21.0,63.12933971180665,23.045633484087087,64.01238381829789,mgrs,False,1.826,,,,,0
35VMK,336,25.25452363987298,62.23184105498709,26.75808720604984,63.06315676128889,25.076789152670145,62.2184397371239,26.999980169880537,63.1293307366854,mgrs,False,1.733,12.5625,11.5,9.5,20.0,48
35VNK,312,27.283702054744683,62.85179822821589,27.432628122752828,63.12479397420693,27.0,62.23177006416561,28.982281584543124,63.11548117710186,mgrs,False,1.609,50.5,50.5,26.0,75.0,12
35VML,306,26.38240528354664,63.37357965354919,26.93740523239453,63.742509416807785,25.01769799513245,63.11548986996536,26.99997953559759,64.02678594742031,mgrs,False,1.578,14.75,14.75,4.5,25.0,12
35VMH,282,25.25637384989196,60.59561650945124,25.298091760085416,60.62436493571757,25.183728785717367,60.42389879597834,26.999981314308513,61.334074407696875,mgrs,False,1.455,,,,,0
34WEB,276,21.414404465878505,68.74816946041464,21.414404465878505,68.74816946041464,21.0,68.51245275527201,23.54619720579561,69.39061812757802,mgrs,False,1.424,,,,,0
35VLL,276,24.444744260571213,63.446295316660354,24.444744260571213,63.446295316660354,23.03964799700062,63.073996602879006,24.95432563426467,64.0123832424077,mgrs,False,1.424,,,,,0
35VPL,276,29.15793572479569,63.860466448961965,29.15793572479569,63.860466448961965,28.98230200486755,63.11548986996536,31.086582982690786,63.96923869878518,mgrs,False,1.424,,,,,0
35WNL,276,28.02980239093128,64.01733042962123,28.03891357340772,64.0202631810416,27.0,63.12933971180665,29.045633484087084,64.01238381829789,mgrs,False,1.424,,,,,0
35VPK,270,29.030807202887047,62.67125475202069,29.030807202887047,62.67125475202069,28.92321084732986,62.2184397371239,30.960331039028823,63.07398820180717,mgrs,False,1.393,,,,,0
35WMM,264,25.57018144072545,64.80265471380544,25.57018144072545,64.80265471380544,24.95434541879404,64.01239249864045,26.999978854045928,64.92412942405313,mgrs,False,1.362,,,,,0
35VPJ,174,28.9202989306627,61.41234231212037,29.399668855924936,61.96769745013646,28.867983665869048,61.321242625339345,30.842545409867398,62.178491682283465,mgrs,False,0.898,3.238888888888889,2.1,1.1,14.0,108
34VEM,36,22.52756437002117,60.136825315683055,22.52756437002117,60.136825315683055,21.0,59.53834912845794,22.816252561653116,60.42389006930137,mgrs,False,0.186,14.25,14.5,12.0,16.0,24
34VFQ,36,23.739019448386987,62.28604121490783,23.739019448386987,62.28604121490783,22.923210847329855,62.2184397371239,24.960331039028826,63.07398820180717,mgrs,False,0.186,3.4000000000000004,3.1000000000000005,1.0,6.400000000000001,24
35VNJ,36,27.790392466978936,62.03306896914978,27.790392466978936,62.03306896914978,27.0,61.3340833851585,28.923191057132307,62.2184310324064,mgrs,False,0.186,35.0,31.5,28.0,49.0,24
35VLK,30,24.78634781834036,62.53824039236851,24.787110305214544,62.78385616709837,23.15743429039063,62.17850010643035,25.017678797832207,63.11548062329622,mgrs,False,0.155,16.650000000000002,16.65,7.3,26.0,12
34VFR,6,23.139869131917827,63.62023943882301,23.139869131917827,63.62023943882301,22.982302004867545,63.11548986996536,25.08658298269079,63.96923869878518,mgrs,False,0.031,,,,,0
